image_size,timesteps,channels,idg_stage_gb_total,gridder_gb_total,subfft_gb_total,host_joules_total,device_joules_total,host_gb_per_j,device_gb_per_j,host_event_count,device_event_count,gridder_event_count,subfft_event_count,n_runs
4096,1,1,15.285163751999999,9.32123532,5.9639284319999994,28.1,19.11,0.5439560054092526,0.7998515830455258,1.0,1.0,1.0,1.0,1
4096,1,8,15.295141819200001,9.33131496,5.9638268592,23.37,16.36,0.6544776131450578,0.9349108691442544,1.0,1.0,1.0,1.0,1
4096,1,64,15.375726844399999,9.412258959999999,5.9634678844,22.33,15.37,0.6885681524585759,1.0003725988549121,1.0,1.0,1.0,1.0,1
4096,1,128,15.468547997600002,9.50511234,5.963435657600001,22.32,15.38,0.6930353045519714,1.0057573470481145,1.0,1.0,1.0,1.0,1
4096,1,256,15.653918218999998,9.6909827,5.962935518999999,25.18,17.13,0.6216806282366957,0.9138306023934617,1.0,1.0,1.0,1.0,1
4096,8,1,61.793051932,37.686697099999996,24.106354832,29.9,20.5,2.066657255250836,3.014295216195122,1.0,1.0,1.0,1.0,1
4096,8,8,61.89357530000001,37.779679,24.113896300000004,25.59,17.07,2.4186625752246975,3.625868500292912,1.0,1.0,1.0,1.0,1
4096,8,64,62.68738450000001,38.51809096,24.16929354,28.04,21.97,2.235641387303852,2.853317455621302,1.0,1.0,1.0,1.0,1
4096,8,128,63.583660636000005,39.35521206,24.228448576,35.28,23.99,1.8022579545351474,2.650423536306795,1.0,1.0,1.0,1.0,1
4096,8,256,65.3735288,41.028286200000004,24.345242600000002,48.49,54.71,1.3481857867601568,1.1949100493511242,1.0,1.0,1.0,1.0,1
4096,64,1,107.04603906899999,65.33572056,41.710318509,34.08,27.44,3.141022273151408,3.9010947182580167,1.0,1.0,1.0,1.0,1
4096,64,8,107.969823688,66.1531353,41.816688388,33.26,22.51,3.246236430787733,4.796527040781875,1.0,1.0,1.0,1.0,1
4096,64,64,133.447052166,83.72315947999999,49.723892686,123.78,104.72,1.0780986602520601,1.2743224996753246,3.0,3.0,3.0,3.0,1
4096,64,128,159.25949568,101.78805616,57.47143952,228.57999999999998,181.68,0.6967341660687724,0.8765934372523116,5.0,5.0,5.0,5.0,1
4096,64,256,204.8209130506,134.2189351,70.6019779506,413.99,325.97,0.4947484553989227,0.6283428323176979,8.0,8.0,8.0,8.0,1
4096,128,1,113.92020808000001,69.59067512,44.32953296,33.95,24.53,3.355528956701031,4.644117736649001,1.0,1.0,1.0,1.0,1
4096,128,8,115.271802382,70.922358,44.34944438200001,39.62,37.16,2.9094346890964164,3.102039891872982,1.0,1.0,1.0,1.0,1
4096,128,64,164.8131074,105.20247528000002,59.61063212,229.74,166.45000000000002,0.7173896900844433,0.9901658600180234,5.0,5.0,5.0,5.0,1
4096,128,128,237.621964235,154.24923684,83.37272739499998,447.0,376.64,0.5315927611521253,0.6308994377522303,10.0,10.0,10.0,10.0,1
4096,128,256,337.90679188319996,224.6997577,113.2070341832,815.6700000000001,671.81,0.41426899589687,0.5029796994435927,16.0,16.0,16.0,16.0,1
4096,256,1,115.32264460299999,70.57272717,44.749917433,34.98,33.33,3.2968165981417954,3.460025340624062,1.0,1.0,1.0,1.0,1
4096,256,8,130.502797272,80.8474402,49.655357072,77.92,81.75,1.6748305604722793,1.5963644926238534,2.0,2.0,2.0,2.0,1
4096,256,64,239.7562247816,155.60501398,84.15121080159999,452.63,373.32000000000005,0.5296958327587654,0.6422271102046501,10.0,10.0,10.0,10.0,1
4096,256,128,382.70719799500006,252.07244110000005,130.634756895,867.5400000000001,669.4399999999999,0.4411406943714411,0.5716825973873687,19.0,19.0,19.0,19.0,1
4096,256,256,624.6705762454001,418.2128246,206.45775164540004,1631.3600000000001,1307.3600000000001,0.38291399583500885,0.4778106843144964,32.0,32.0,32.0,32.0,1
8192,1,1,18.9257466408,11.541251100000002,7.3844955408,28.91,19.62,0.6546436057004497,0.9646150173700305,1.0,1.0,1.0,1.0,1
8192,1,8,18.93830953,11.553821950000001,7.384487579999999,24.25,16.42,0.7809612177319588,1.1533684244823386,1.0,1.0,1.0,1.0,1
8192,1,64,19.037293262,11.653674469999999,7.383618792,22.86,15.65,0.8327774830271216,1.216440464025559,1.0,1.0,1.0,1.0,1
8192,1,128,19.15099923,11.768127929999999,7.382871300000001,23.55,15.71,0.8132059121019108,1.2190324143857414,1.0,1.0,1.0,1.0,1
8192,1,256,19.38198953,11.999057379999998,7.382932150000001,26.55,18.33,0.7300184380414312,1.0573916819421714,1.0,1.0,1.0,1.0,1
8192,8,1,91.021412545,55.51087104,35.510541505,33.55,22.82,2.713007825484352,3.9886683849693254,1.0,1.0,1.0,1.0,1
8192,8,8,91.140761715,55.622855339999994,35.517906375,28.87,20.06,3.156936671804641,4.54340786216351,1.0,1.0,1.0,1.0,1
8192,8,64,92.09209514,56.51802395,35.574071190000005,31.67,29.69,2.907865334385854,3.1017883172785448,1.0,1.0,1.0,1.0,1
8192,8,128,93.16732846600001,57.533464800000004,35.633863666,39.09,48.2,2.3834056911230497,1.9329321258506227,1.0,1.0,1.0,1.0,1
8192,8,256,95.32637092399999,59.57088079999999,35.755490124,58.43,75.78,1.6314627917850417,1.257935747215624,1.0,1.0,1.0,1.0,1
8192,64,1,201.0057775,122.64317559999999,78.3626019,42.77,29.0,4.6996908463876546,6.931233706896552,1.0,1.0,1.0,1.0,1
8192,64,8,202.32424079999998,123.7612032,78.56303759999999,46.16,43.59,4.38310746967071,4.6415288093599445,1.0,1.0,1.0,1.0,1
8192,64,64,234.50462305999997,145.906884,88.59773906,140.83,141.75,1.6651609959525666,1.6543536018342149,3.0,3.0,3.0,3.0,1
8192,64,128,269.079947625,169.87076112,99.20918650499998,257.84999999999997,216.43000000000004,1.0435522498545666,1.2432654790232405,5.0,5.0,5.0,5.0,1
8192,64,256,326.661225476,210.74529800000002,115.91592747600001,468.55,446.40999999999997,0.6971747422388219,0.7317515859322149,8.0,8.0,8.0,8.0,1
8192,128,1,231.82412694,141.5151997,90.30892724,48.08,53.7,4.8216332558236275,4.317022848044693,1.0,1.0,1.0,1.0,1
8192,128,8,233.76332146,143.3258838,90.43743765999999,57.21,71.22,4.086057008564936,3.2822707309744454,1.0,1.0,1.0,1.0,1
8192,128,64,292.631369185,184.26501985,108.36634933500001,256.03000000000003,178.59000000000003,1.1429573455649726,1.638565256649308,5.0,4.0,5.0,5.0,1
8192,128,128,378.5782946736,242.43690236,136.1413923136,514.9399999999999,465.01000000000005,0.7351891379065523,0.8141293621074814,10.0,10.0,10.0,10.0,1
8192,128,256,500.20805150499996,328.12910569999997,172.078945805,952.3299999999999,845.8399999999999,0.5252465547709302,0.5913743160704152,16.0,15.0,16.0,16.0,1
8192,256,1,248.26804342,151.6977608,96.57028262,54.41,49.62,4.562912027568462,5.003386606610238,1.0,1.0,1.0,1.0,1
8192,256,8,265.356219848,163.37921829,101.977001558,101.98,113.08999999999999,2.6020417714061583,2.34641630425325,2.0,2.0,2.0,2.0,1
8192,256,64,392.79756578599995,251.17427829999997,141.623287486,515.33,432.3,0.7622253037587564,0.9086226365625721,10.0,10.0,10.0,10.0,1
8192,256,128,559.729902009,364.49028020000003,195.239621809,1013.4499999999999,859.0499999999998,0.5523014475395925,0.6515684791444039,19.0,19.0,19.0,19.0,1
8192,256,256,829.0052278957,551.7360160000001,277.2692118957,1879.22,1667.3899999999999,0.44114325512483904,0.4971873574242979,32.0,32.0,32.0,32.0,1
16384,1,1,21.8330838375,13.31422794,8.5188558975,29.87,20.94,0.7309368542852359,1.0426496579512892,1.0,1.0,1.0,1.0,1
16384,1,8,21.847748611,13.32886912,8.518879491,24.57,17.05,0.8892042576719577,1.2813928804105572,1.0,1.0,1.0,1.0,1
16384,1,64,21.9641792,13.445426399999999,8.518752800000001,23.32,16.21,0.9418601715265866,1.3549771252313387,1.0,1.0,1.0,1.0,1
16384,1,128,22.097467539999997,13.57855912,8.518908419999999,23.92,16.55,0.923807171404682,1.335194413293051,1.0,1.0,1.0,1.0,1
16384,1,256,23.995866129,14.8400424,9.155823729000002,27.95,18.92,0.8585283051520572,1.2682804507928116,1.0,1.0,1.0,1.0,1
16384,8,1,114.26304298,69.68392346,44.57911952,35.29,29.65,3.237830631340323,3.8537282623946036,1.0,1.0,1.0,1.0,1
16384,8,8,114.39801564,69.81170616,44.58630948,31.54,24.29,3.6270772238427393,4.7096754071634415,1.0,1.0,1.0,1.0,1
16384,8,64,115.47810704999998,70.83389007999999,44.644216969999995,33.34,29.03,3.463650481403718,3.9778886341715456,1.0,1.0,1.0,1.0,1
16384,8,128,116.71000199,71.9995238,44.710478189999996,41.81,39.47,2.791437502750538,2.956929363820623,1.0,1.0,1.0,1.0,1
16384,8,256,132.21256552,82.2847368,49.927828719999994,64.07,77.46,2.0635643127828938,1.7068495419571392,1.0,1.0,1.0,1.0,1
16384,64,1,319.0732392,194.648376,124.4248632,61.36,67.87,5.200020195567145,4.7012411846176505,1.0,1.0,1.0,1.0,1
16384,64,8,320.74079128,196.02695,124.71384128,67.45,68.04,4.755237824759081,4.7140033991769545,1.0,1.0,1.0,1.0,1
16384,64,64,357.60532480800003,221.41657456000002,136.18875024800002,159.17,175.59,2.246687973914683,2.036592771843499,3.0,3.0,3.0,3.0,1
16384,64,128,408.389116187,255.70627124,152.682844947,282.15,287.51,1.4474184518412194,1.4204344759730096,5.0,5.0,5.0,5.0,1
16384,64,256,561.684616121,355.8286387,205.85597742099998,511.9,588.53,1.0972545733951944,0.9543857001699149,8.0,8.0,8.0,8.0,1
16384,128,1,383.86503211,234.2480714,149.61696071,76.13,95.21,5.042230817154867,4.031772209956937,1.0,1.0,1.0,1.0,1
16384,128,8,387.49930623,237.19089960000002,150.30840663,86.84,114.06,4.462221398318747,3.3973286536033664,1.0,1.0,1.0,1.0,1
16384,128,64,458.69544963400006,286.4203327,172.275116934,280.58,252.63,1.6348116388694849,1.8156808361398094,5.0,4.0,5.0,5.0,1
16384,128,128,566.4406983450001,358.76690578000006,207.67379256499999,561.8100000000001,538.63,1.0082424633683986,1.051632286254015,10.0,10.0,10.0,10.0,1
16384,128,256,811.754507409,521.6443111,290.110196309,1025.79,1098.9299999999998,0.7913457017605943,0.7386771745324999,16.0,16.0,16.0,16.0,1
16384,256,1,438.31020808,267.6278526,170.68235548,88.81,109.03,4.935369981758811,4.020088123268825,1.0,1.0,1.0,1.0,1
16384,256,8,458.2241983,281.22287291000004,177.00132538999998,136.78,173.1,3.3500818708875566,2.6471646348931257,2.0,2.0,2.0,2.0,1
16384,256,64,603.232542613,381.27882632999996,221.953716283,552.61,532.23,1.091606273163714,1.1334057505458166,10.0,10.0,10.0,10.0,1
16384,256,128,791.0793196520001,509.11718179999997,281.96213785200007,1097.74,966.6899999999999,0.7206436129247363,0.8183381638912166,19.0,19.0,19.0,19.0,1
16384,256,256,1236.489032173,807.3058624,429.183169773,2049.5499999999997,2113.51,0.6032978127749994,0.5850405402259747,32.0,32.0,32.0,32.0,1
32768,1,1,21.97241937,13.3994388,8.57298057,29.65,19.91,0.7410596752107926,1.1035871104972377,1.0,1.0,1.0,1.0,1
32768,1,8,21.9871451025,13.413962399999999,8.5731827025,24.83,17.67,0.8855072534232784,1.2443206056876062,1.0,1.0,1.0,1.0,1
32768,1,64,22.1042754,13.53109716,8.57317824,23.85,16.14,0.9268039999999999,1.3695337918215613,1.0,1.0,1.0,1.0,1
32768,1,128,22.274411571999998,13.687074840000001,8.587336731999999,23.72,16.23,0.9390561370994941,1.3724221547751076,1.0,1.0,1.0,1.0,1
32768,1,256,24.295137564,15.02381929,9.271318274,27.45,19.02,0.8850687637158471,1.2773468750788644,1.0,1.0,1.0,1.0,1
32768,8,1,114.905022411,70.07570865000001,44.829313761,35.31,26.37,3.254177921580289,4.357414577588169,1.0,1.0,1.0,1.0,1
32768,8,8,115.042323786,70.204992,44.837331786,32.35,22.23,3.556176933106646,5.175093287719298,1.0,1.0,1.0,1.0,1
32768,8,64,116.130180074,71.234387,44.895793074,33.73,22.66,3.442934481885562,5.124897620211827,1.0,1.0,1.0,1.0,1
32768,8,128,117.66442466,72.58722399999999,45.07720066,43.43,34.25,2.709289078056643,3.4354576543065694,1.0,1.0,1.0,1.0,1
32768,8,256,134.13956192999999,83.4692288,50.670333129999996,65.28,88.11,2.054833975643382,1.5224101910112358,1.0,1.0,1.0,1.0,1
32768,64,1,325.10632158,198.32660249999998,126.77971907999999,64.02,52.95,5.078199337394564,6.139873873087818,1.0,1.0,1.0,1.0,1
32768,64,8,326.7495503,199.6946886,127.05486169999999,68.19,89.56,4.79175172752603,3.6483871181330954,1.0,1.0,1.0,1.0,1
32768,64,64,363.22652629,224.86370033999998,138.36282595,160.14,186.55,2.26818113082303,1.9470733116590724,3.0,3.0,3.0,3.0,1
32768,64,128,411.429477509,257.60415624,153.825321269,283.26,231.35999999999999,1.4524799742603969,1.7783085991917358,5.0,4.0,5.0,5.0,1
32768,64,256,574.808365085,363.9155148,210.892850285,520.09,530.8399999999999,1.105209415841489,1.0828279049902043,8.0,8.0,8.0,8.0,1
32768,128,1,390.1137396,238.06010599999996,152.0536336,77.5,102.79,5.033725672258064,3.7952499231442745,1.0,1.0,1.0,1.0,1
32768,128,8,394.6206763,241.53686080000003,153.08381550000001,88.34,115.19,4.46706674552864,3.425824084555951,1.0,1.0,1.0,1.0,1
32768,128,64,468.8564632,292.6584978,176.1979654,278.09,292.57000000000005,1.685988216764357,1.6025445643777556,5.0,5.0,5.0,5.0,1
32768,128,128,575.6146928339999,364.44473836,211.16995447399998,561.8,558.74,1.0245900548843003,1.0302013330600994,10.0,10.0,10.0,10.0,1
32768,128,256,832.5867090920001,534.5163682,298.07034089200005,1026.37,1135.38,0.8111954841743233,0.7333110580528105,16.0,16.0,16.0,16.0,1
32768,256,1,445.2281890400001,271.84723840000004,173.38095064,87.63,96.95,5.08077358256305,4.59234852026818,1.0,1.0,1.0,1.0,1
32768,256,8,465.149534516,285.45814255000005,179.691391966,137.37,166.32,3.386107115935066,2.7967143729918233,2.0,2.0,2.0,2.0,1
32768,256,64,610.1677972099999,385.5935015199999,224.57429569,557.6800000000001,563.11,1.0941181272593599,1.083567681643018,10.0,10.0,10.0,10.0,1
32768,256,128,784.9191859660001,514.9556884000001,269.963497566,1098.5,1058.96,0.7145372653309059,0.7412170298840373,19.0,19.0,19.0,18.0,1
32768,256,256,1264.8014124699998,824.9066476999999,439.89476477000005,2061.98,2194.29,0.6133916975285889,0.5764057679112605,32.0,32.0,32.0,32.0,1
