image_size,timesteps,channels,gridder_s,sub_fft_s,wtiling_s,known_kernel_s,wall_s,n_runs,input_disk_gib,output_gib,total_disk_gib,other_wsclean_s
4096,1,1,0.008466,0.0011928,0.11508,0.1247388,33.53,1,0.0009746551513671,0.0625,0.0634746551513671,33.4052612
4096,1,8,0.008472,0.0,0.096196,0.10466800000000001,34.31,1,0.0077972412109375,0.0625,0.0702972412109375,34.205332000000006
4096,1,64,0.008476,0.0,0.091111,0.099587,38.36,1,0.0623779296875,0.0625,0.1248779296875,38.260413
4096,1,128,0.011643,0.0,0.090947,0.10259,43.21,1,0.124755859375,0.0625,0.187255859375,43.10741
4096,1,256,0.019043,0.0,0.10364,0.122683,52.06,1,0.24951171875,0.0625,0.31201171875,51.937317
4096,8,1,0.033926,0.0041341,0.11862199999999999,0.1566821,43.24,1,0.0077972412109375,0.0625,0.0702972412109375,43.083317900000004
4096,8,8,0.03605,0.004355,0.10175999999999999,0.14216499999999999,43.57,1,0.0623779296875,0.0625,0.1248779296875,43.427835
4096,8,64,0.051886,0.0042012,0.114258,0.1703452,72.94,1,0.4990234375,0.0625,0.5615234375,72.7696548
4096,8,128,0.079318,0.0027511,0.145714,0.22778310000000002,107.95,1,0.998046875,0.0625,1.060546875,107.7222169
4096,8,256,0.138374,0.00371,0.20182899999999998,0.34391299999999997,173.06,1,1.99609375,0.0625,2.05859375,172.71608700000002
4096,64,1,0.0613359,0.005837,0.13782799999999998,0.20500089999999999,87.42,1,0.0623779296875,0.0625,0.1248779296875,87.2149991
4096,64,8,0.0782969,0.0069828,0.133943,0.2192227,117.47999999999999,1,0.4990234375,0.0625,0.5615234375,117.26077729999999
4096,64,64,0.28359,0.0061372,0.50728,0.7970071999999999,349.09000000000003,1,3.9921875,0.0625,4.0546875,348.29299280000004
4096,64,128,0.5279039999999999,0.0090092,0.93262,1.4695331999999999,592.76,1,7.984375,0.0625,8.046875,591.2904668
4096,64,256,1.01757,0.009196,1.6948500000000002,2.721616,1123.88,1,15.96875,0.0625,16.03125,1121.158384
4096,128,1,0.068792,0.008168,0.136568,0.213528,137.39,1,0.124755859375,0.0625,0.187255859375,137.176472
4096,128,8,0.108814,0.0082541,0.160074,0.2771421,200.9,1,0.998046875,0.0625,1.060546875,200.6228579
4096,128,64,0.5315089,0.010875099999999999,0.94446,1.486844,665.61,1,7.984375,0.0625,8.046875,664.123156
4096,128,128,1.028079,0.0139951,1.827535,2.8696091,1174.21,1,15.96875,0.0625,16.03125,1171.3403909
4096,128,256,2.00963,0.0154478,3.3625499999999993,5.387627799999999,2228.37,1,31.9375,0.0625,32.0,2222.9823722
4096,256,1,0.08174100000000001,0.0073008000000000005,0.143747,0.23278880000000002,241.87,1,0.24951171875,0.0625,0.31201171875,241.6372112
4096,256,8,0.17461000000000002,0.007331099999999999,0.3179,0.49984110000000004,378.0,1,1.99609375,0.0625,2.05859375,377.5001589
4096,256,64,1.033029,0.0095856,1.8630300000000002,2.9056446000000005,1286.96,1,15.96875,0.0625,16.03125,1284.0543554
4096,256,128,2.0285539999999997,0.0115592,3.5402299999999998,5.5803432,2268.79,1,31.9375,0.0625,32.0,2263.2096568
4096,256,256,3.9972100000000004,0.0172615,6.696880000000001,10.711351500000001,4493.0,1,63.875,0.0625,63.9375,4482.2886485
8192,1,1,0.010599,0.0,0.11751,0.128109,34.97,1,0.0009746551513671,0.25,0.2509746551513672,34.841891
8192,1,8,0.011605,0.001009,0.099355,0.111969,35.22,1,0.0077972412109375,0.25,0.2577972412109375,35.108031
8192,1,64,0.010627,0.0013101,0.09327,0.1052071,38.86,1,0.0623779296875,0.25,0.3123779296875,38.7547929
8192,1,128,0.014823,0.001461,0.0953,0.11158399999999999,43.89,1,0.124755859375,0.25,0.374755859375,43.778416
8192,1,256,0.023291,0.001265,0.1091,0.133656,52.88,1,0.24951171875,0.25,0.49951171875,52.746344
8192,8,1,0.048704,0.0059533,0.133695,0.1883523,42.01,1,0.0077972412109375,0.25,0.2577972412109375,41.8216477
8192,8,8,0.051857,0.0070842,0.116472,0.1754132,45.62,1,0.0623779296875,0.25,0.3123779296875,45.444586799999996
8192,8,64,0.067577,0.0065829,0.130135,0.2042949,72.78,1,0.4990234375,0.25,0.7490234375,72.57570510000001
8192,8,128,0.102383,0.0067978,0.161503,0.27068380000000003,108.46000000000001,1,0.998046875,0.25,1.248046875,108.18931620000001
8192,8,256,0.176362,0.0057109,0.23875,0.4208229,167.64,1,1.99609375,0.25,2.24609375,167.2191771
8192,64,1,0.113078,0.0143296,0.171483,0.2988906,87.58,1,0.0623779296875,0.25,0.3123779296875,87.28110939999999
8192,64,8,0.134083,0.0123448,0.188065,0.33449280000000003,119.96000000000001,1,0.4990234375,0.25,0.7490234375,119.6255072
8192,64,64,0.372321,0.0159799,0.568333,0.9566338999999999,335.11,1,3.9921875,0.25,4.2421875,334.1533661
8192,64,128,0.674456,0.0160138,1.035644,1.7261138,588.26,1,7.984375,0.25,8.234375,586.5338862
8192,64,256,1.2944330000000004,0.016778900000000003,1.9355419999999999,3.2467539000000003,1078.63,1,15.96875,0.25,16.21875,1075.3832461000002
8192,128,1,0.136567,0.016778,0.195757,0.349102,139.28,1,0.124755859375,0.25,0.374755859375,138.930898
8192,128,8,0.178864,0.015922,0.233838,0.428624,200.24,1,0.998046875,0.25,1.248046875,199.811376
8192,128,64,0.6885679999999998,0.0139377,0.8625061,1.5650118,639.84,1,7.984375,0.25,8.234375,638.2749882
8192,128,128,1.302435,0.0183683,2.063369,3.3841722999999995,1141.16,1,15.96875,0.25,16.21875,1137.7758277
8192,128,256,2.5385000000000004,0.029355399999999997,3.65815,6.2260054,2119.09,1,31.9375,0.25,32.1875,2112.8639946000003
8192,256,1,0.155185,0.0166941,0.21897299999999997,0.3908520999999999,242.97,1,0.24951171875,0.25,0.49951171875,242.5791479
8192,256,8,0.260877,0.018625199999999998,0.40629099999999996,0.6857932,366.9,1,1.99609375,0.25,2.24609375,366.2142068
8192,256,64,1.3128798,0.021547200000000002,2.101302,3.4357290000000003,1230.0,1,15.96875,0.25,16.21875,1226.564271
8192,256,128,2.5369050000000004,0.03198619999999999,4.066800000000001,6.635691200000001,2196.39,1,31.9375,0.25,32.1875,2189.7543087999998
8192,256,256,5.011769999999999,0.0351574,7.7270600000000025,12.773987400000003,4174.0,1,63.875,0.25,64.125,4161.2260126
16384,1,1,0.012714,0.0,0.11859,0.131304,44.72,1,0.0009746551513671,1.0,1.0009746551513672,44.588696
16384,1,8,0.011656,0.0010581,0.10053,0.11324409999999999,43.1,1,0.0077972412109375,1.0,1.0077972412109375,42.9867559
16384,1,64,0.01266,0.001528,0.095369,0.10955699999999999,46.36,1,0.0623779296875,1.0,1.0623779296875,46.250443
16384,1,128,0.016877,0.001683,0.097227,0.115787,50.19,1,0.124755859375,1.0,1.124755859375,50.074213
16384,1,256,0.02862,0.0017979,0.11449,0.1449079,62.14,1,0.24951171875,1.0,1.24951171875,61.9950921
16384,8,1,0.06229900000000001,0.0087151,0.141642,0.21265610000000001,52.56,1,0.0077972412109375,1.0,1.0077972412109375,52.347343900000006
16384,8,8,0.06476399999999999,0.0077617,0.127313,0.19983869999999998,54.4,1,0.0623779296875,1.0,1.0623779296875,54.2001613
16384,8,64,0.08364100000000001,0.008189,0.13665,0.22848000000000002,80.21000000000001,1,0.4990234375,1.0,1.4990234375,79.98152
16384,8,128,0.120585,0.0057721000000000005,0.172553,0.2989101,109.9,1,0.998046875,1.0,1.998046875,109.6010899
16384,8,256,0.21395799999999998,0.0089278,0.264834,0.4877198,173.63,1,1.99609375,1.0,2.99609375,173.1422802
16384,64,1,0.17628300000000002,0.0224404,0.249591,0.4483144,96.05,1,0.0623779296875,1.0,1.0623779296875,95.6016856
16384,64,8,0.203005,0.0234821,0.274455,0.5009421000000001,125.56,1,0.4990234375,1.0,1.4990234375,125.0590579
16384,64,64,0.4636261,0.0242538,0.6444721,1.132352,337.18,1,3.9921875,1.0,4.9921875,336.047648
16384,64,128,0.817661,0.0253634,1.140751,1.9837754,565.05,1,7.984375,1.0,8.984375,563.0662245999999
16384,64,256,1.5578349999999996,0.034658,2.112864,3.705357,1060.88,1,15.96875,1.0,16.96875,1057.174643
16384,128,1,0.22165700000000002,0.0259865,0.3090258,0.5566693,149.86,1,0.124755859375,1.0,1.124755859375,149.3033307
16384,128,8,0.26843900000000004,0.0248904,0.353809,0.6471384,205.0,1,0.998046875,1.0,1.998046875,204.3528616
16384,128,64,0.839391,0.0298286,0.975835,1.8450546,630.61,1,7.984375,1.0,8.984375,628.7649454
16384,128,128,1.5530019999999998,0.0317917,2.2743010000000004,3.8590947,1096.71,1,15.96875,1.0,16.96875,1092.8509053
16384,128,256,3.0095229999999997,0.0359656,4.185940000000001,7.231428600000001,2067.12,1,31.9375,1.0,32.9375,2059.8885714
16384,256,1,0.268135,0.0283711,0.35829900000000003,0.6548051,250.96,1,0.24951171875,1.0,1.24951171875,250.3051949
16384,256,8,0.37556,0.029084800000000004,0.547944,0.9525888,370.38,1,1.99609375,1.0,2.99609375,369.4274112
16384,256,64,1.5728100000000003,0.032894700000000006,2.2622679999999997,3.8679727,1208.12,1,15.96875,1.0,16.96875,1204.2520272999998
16384,256,128,3.0007439999999996,0.04090190000000001,4.445564000000001,7.487209900000001,2153.65,1,31.9375,1.0,32.9375,2146.1627901
16384,256,256,5.887941000000001,0.057872799999999995,8.430324999999998,14.3761388,4119.0,1,63.875,1.0,64.875,4104.6238612
32768,1,1,0.01166,0.001533,0.11932,0.132513,79.62,1,0.0009746551513671,4.0,4.000974655151367,79.487487
32768,1,8,0.012693,0.0,0.10132,0.11401299999999999,78.94,1,0.0077972412109375,4.0,4.0077972412109375,78.825987
32768,1,64,0.012708,0.001472,0.096182,0.110362,82.01,1,0.0623779296875,4.0,4.0623779296875,81.89963800000001
32768,1,128,0.016934,0.0012548,0.097257,0.1154458,84.27,1,0.124755859375,4.0,4.124755859375,84.15455419999999
32768,1,256,0.028601,0.0018778,0.11435,0.14482879999999998,92.7,1,0.24951171875,4.0,4.24951171875,92.5551712
32768,8,1,0.06335099999999999,0.0065231,0.143957,0.2138311,92.43,1,0.0077972412109375,4.0,4.0077972412109375,92.21616890000001
32768,8,8,0.066482,0.007792199999999999,0.129226,0.20350020000000002,86.41,1,0.0623779296875,4.0,4.0623779296875,86.2064998
32768,8,64,0.084476,0.0087672,0.137226,0.23046919999999999,110.17,1,0.4990234375,4.0,4.4990234375,109.9395308
32768,8,128,0.121763,0.007103,0.172585,0.301451,164.7,1,0.998046875,4.0,4.998046875,164.398549
32768,8,256,0.21536499999999997,0.009540100000000001,0.26707000000000003,0.4919751,206.16,1,1.99609375,4.0,5.99609375,205.6680249
32768,64,1,0.180649,0.0206988,0.25587,0.4572178,130.43,1,0.0623779296875,4.0,4.0623779296875,129.9727822
32768,64,8,0.20658,0.0214101,0.277904,0.5058941,164.84,1,0.4990234375,4.0,4.4990234375,164.3341059
32768,64,64,0.469741,0.0213102,0.6497930000000001,1.1408442,370.07,1,3.9921875,4.0,7.9921875,368.9291558
32768,64,128,0.822139,0.0247919,0.9742569999999999,1.8211879,611.57,1,7.984375,4.0,11.984375,609.7488121
32768,64,256,1.578246,0.03841769999999999,2.1307139999999998,3.7473776999999995,1113.25,1,15.96875,4.0,19.96875,1109.5026223
32768,128,1,0.22209800000000002,0.022882600000000003,0.315805,0.5607856,215.97,1,0.124755859375,4.0,4.124755859375,215.4092144
32768,128,8,0.27128399999999997,0.024053500000000002,0.35709300000000005,0.6524305,249.51,1,0.998046875,4.0,4.998046875,248.85756949999998
32768,128,64,0.8427276,0.0306087,1.1246179999999997,1.9979542999999997,658.26,1,7.984375,4.0,11.984375,656.2620457
32768,128,128,1.5583830000000003,0.0332593,2.2798380000000003,3.871480300000001,1127.1,1,15.96875,4.0,19.96875,1123.2285196999999
32768,128,256,3.038443,0.0387958,4.214918000000001,7.292156800000001,2163.41,1,31.9375,4.0,35.9375,2156.1178431999997
32768,256,1,0.26531000000000005,0.0285861,0.360227,0.6541231000000001,307.69,1,0.24951171875,4.0,4.24951171875,307.0358769
32768,256,8,0.375879,0.0259929,0.549829,0.9517009000000001,429.41,1,1.99609375,4.0,5.99609375,428.45829910000003
32768,256,64,1.573266,0.035824100000000005,2.290371,3.8994611,1247.49,1,15.96875,4.0,19.96875,1243.5905389
32768,256,128,2.997126,0.039572600000000006,4.4456359999999995,7.4823346,2316.78,1,31.9375,4.0,35.9375,2309.2976654000004
32768,256,256,5.940126000000001,0.0582526,8.486073,14.4844516,4204.0,1,63.875,4.0,67.875,4189.5155484
