Image Size,Timesteps,Channels,Location,Mvis,Mvis/h,Mvis/kWh,Mvis/kgCO2,Mvis/$,Power (W),Time (s),Energy (Wh),Dynamic Energy (Wh),Static Energy (Wh),Dynamic Power (%),Static Power (%),Operational Carbon (%),Embodied Carbon (%),Total Carbon (g CO2),Operational Cost (%),Capital Cost (%),Total Cost ($),operational_carbon,embodied_carbon,operational_cost,capital_cost
32768,1,1,SA,0.13,5.91,22.15,30.94,8.07,267.03,79.62,5.91,1.0319444444444446,4.873910101250002,17.5,82.5,93.9,6.1,4.23,6.9,93.1,0.02,3.9719700000000007,0.25803,0.0013800000000000002,0.018619999999999998
32768,1,1,WA,0.13,5.91,22.15,60.72,7.84,267.03,79.62,5.91,1.0319444444444446,4.873910101250002,17.5,82.5,88.0,12.0,2.15,9.6,90.4,0.02,1.892,0.25799999999999995,0.00192,0.01808
32768,8,1,SA,1.05,40.76,150.09,209.89,55.56,271.58,92.43,6.97,1.3146777777777776,5.658069714375002,18.9,81.1,94.0,6.0,4.99,7.0,93.0,0.02,4.6906,0.2994,0.0014000000000000002,0.018600000000000002
32768,8,1,WA,1.05,40.76,150.09,412.23,53.96,271.58,92.43,6.97,1.3146777777777776,5.658069714375002,18.9,81.1,88.2,11.8,2.54,9.7,90.3,0.02,2.2402800000000003,0.29972,0.0019399999999999999,0.01806
32768,64,1,SA,8.37,231.08,857.47,1198.56,315.13,269.49,130.43,9.76,1.7796194444444444,7.984226256041669,18.2,81.8,93.9,6.1,6.99,7.0,93.0,0.03,6.563610000000001,0.42638999999999994,0.0021,0.0279
32768,64,1,WA,8.37,231.08,857.47,2352.98,306.13,269.49,130.43,9.76,1.7796194444444444,7.984226256041669,18.2,81.8,88.1,11.9,3.56,9.6,90.4,0.03,3.13636,0.42364,0.0028799999999999997,0.027120000000000002
32768,128,1,SA,16.74,279.11,1044.0,1458.57,380.84,267.35,215.97,16.04,2.818258333333333,13.220527060625002,17.6,82.4,93.9,6.1,11.48,6.9,93.1,0.04,10.779720000000003,0.7002799999999999,0.0027600000000000003,0.037239999999999995
32768,128,1,WA,16.74,279.11,1044.0,2862.09,370.04,267.35,215.97,16.04,2.818258333333333,13.220527060625002,17.6,82.4,88.0,12.0,5.85,9.6,90.4,0.05,5.148,0.7019999999999998,0.0048,0.045200000000000004
32768,256,1,SA,33.49,391.82,1490.37,2080.04,535.25,262.9,307.69,22.47,3.635083333333333,18.83513437645834,16.2,83.8,93.8,6.2,16.1,6.8,93.2,0.06,15.1018,0.9982000000000001,0.004079999999999999,0.05592
32768,256,1,WA,33.49,391.82,1490.37,4077.52,520.3,262.9,307.69,22.47,3.635083333333333,18.83513437645834,16.2,83.8,87.8,12.2,8.21,9.4,90.6,0.06,7.208380000000001,1.00162,0.005639999999999999,0.05435999999999999
32768,1,8,SA,1.05,47.73,178.07,248.82,65.11,268.02,78.94,5.88,1.0448222222222223,4.832284142083335,17.8,82.2,93.9,6.1,4.21,6.9,93.1,0.02,3.95319,0.25681,0.0013800000000000002,0.018619999999999998
32768,1,8,WA,1.05,47.73,178.07,488.32,63.26,268.02,78.94,5.88,1.0448222222222223,4.832284142083335,17.8,82.2,88.0,12.0,2.14,9.6,90.4,0.02,1.8832000000000002,0.2568,0.00192,0.01808
32768,8,8,SA,8.37,348.8,1284.08,1795.73,475.4,271.64,86.41,6.52,1.230444444444445,5.289557546458334,18.9,81.1,94.0,6.0,4.66,7.0,93.0,0.02,4.3804,0.2796,0.0014000000000000002,0.018600000000000002
32768,8,8,WA,8.37,348.8,1284.08,3526.95,461.73,271.64,86.41,6.52,1.230444444444445,5.289557546458334,18.9,81.1,88.2,11.8,2.37,9.7,90.3,0.02,2.0903400000000003,0.27966,0.0019399999999999999,0.01806
32768,64,8,SA,66.98,1462.75,5468.66,7640.49,1995.82,267.48,164.84,12.25,2.1569555555555553,10.09062221916667,17.6,82.4,93.9,6.1,8.77,6.9,93.1,0.03,8.23503,0.53497,0.00207,0.027929999999999996
32768,64,8,WA,66.98,1462.75,5468.66,14993.02,1939.2,267.48,164.84,12.25,2.1569555555555553,10.09062221916667,17.6,82.4,88.0,12.0,4.47,9.6,90.4,0.03,3.9335999999999998,0.5364,0.0028799999999999997,0.027120000000000002
32768,128,8,SA,133.96,1932.75,7303.65,10197.53,2639.05,264.63,249.51,18.34,3.0672333333333337,15.273666281875004,16.7,83.3,93.8,6.2,13.14,6.9,93.1,0.05,12.32532,0.8146800000000001,0.0034500000000000004,0.04655
32768,128,8,WA,133.96,1932.75,7303.65,19998.06,2564.91,264.63,249.51,18.34,3.0672333333333337,15.273666281875004,16.7,83.3,87.9,12.1,6.7,9.5,90.5,0.05,5.8893,0.8107,0.004750000000000001,0.045250000000000005
32768,256,8,SA,267.91,2246.06,8539.2,11918.16,3068.13,263.03,429.41,31.37,5.088077777777778,26.286181067291675,16.2,83.8,93.8,6.2,22.48,6.8,93.2,0.09,21.086239999999997,1.39376,0.00612,0.08388
32768,256,8,WA,267.91,2246.06,8539.2,23363.91,2982.4,263.03,429.41,31.37,5.088077777777778,26.286181067291675,16.2,83.8,87.8,12.2,11.47,9.4,90.6,0.09,10.07066,1.39934,0.00846,0.08154
32768,1,64,SA,8.37,367.52,1366.59,1909.95,501.26,268.93,82.01,6.13,1.1061444444444444,5.020213104791669,18.1,81.9,93.9,6.1,4.38,7.0,93.0,0.02,4.11282,0.26718,0.0014000000000000002,0.018600000000000002
32768,1,64,WA,8.37,367.52,1366.59,3749.11,486.97,268.93,82.01,6.13,1.1061444444444444,5.020213104791669,18.1,81.9,88.1,11.9,2.23,9.6,90.4,0.02,1.9646299999999999,0.26537,0.00192,0.01808
32768,8,64,SA,66.98,2188.62,8146.34,11384.66,2985.3,268.66,110.17,8.22,1.4778055555555556,6.7440175314583355,18.0,82.0,93.9,6.1,5.88,7.0,93.0,0.02,5.52132,0.35867999999999994,0.0014000000000000002,0.018600000000000002
32768,8,64,WA,66.98,2188.62,8146.34,22346.05,2900.27,268.66,110.17,8.22,1.4778055555555556,6.7440175314583355,18.0,82.0,88.1,11.9,3.0,9.6,90.4,0.02,2.6429999999999993,0.35700000000000004,0.00192,0.01808
32768,64,64,SA,535.82,5212.42,19776.46,27605.48,7119.2,263.57,370.07,27.09,4.440241666666666,22.65370398354167,16.4,83.6,93.8,6.2,19.41,6.8,93.2,0.08,18.20658,1.20342,0.00544,0.07456
32768,64,64,WA,535.82,5212.42,19776.46,54123.35,6919.91,263.57,370.07,27.09,4.440241666666666,22.65370398354167,16.4,83.6,87.8,12.2,9.9,9.4,90.6,0.08,8.6922,1.2078,0.00752,0.07247999999999999
32768,128,64,SA,1071.64,5860.79,22416.17,31274.53,8009.13,261.45,658.26,47.81,7.511611111111112,40.295152766250006,15.7,84.3,93.8,6.2,34.27,6.8,93.2,0.13,32.14526,2.12474,0.00884,0.12116000000000002
32768,128,64,WA,1071.64,5860.79,22416.17,61287.4,7786.57,261.45,658.26,47.81,7.511611111111112,40.295152766250006,15.7,84.3,87.8,12.2,17.49,9.4,90.6,0.14,15.356219999999999,2.13378,0.013160000000000003,0.12684
32768,256,64,SA,2143.29,6185.09,23811.14,33207.2,8456.05,259.76,1247.49,90.01,13.647388888888887,76.36465853062502,15.2,84.8,93.7,6.3,64.54,6.7,93.3,0.25,60.47398000000001,4.06602,0.01675,0.23324999999999999
32768,256,64,WA,2143.29,6185.09,23811.14,65049.33,8222.44,259.76,1247.49,90.01,13.647388888888887,76.36465853062502,15.2,84.8,87.7,12.3,32.95,9.3,90.7,0.26,28.89715,4.052850000000001,0.02418,0.23582
32768,1,128,SA,16.74,715.32,2682.92,3747.68,976.22,266.62,84.27,6.24,1.0825694444444445,5.158558204375002,17.3,82.7,93.9,6.1,4.47,6.9,93.1,0.02,4.19733,0.27266999999999997,0.0013800000000000002,0.018619999999999998
32768,1,128,WA,16.74,715.32,2682.92,7352.73,948.61,266.62,84.27,6.24,1.0825694444444445,5.158558204375002,17.3,82.7,88.0,12.0,2.28,9.5,90.5,0.02,2.0063999999999997,0.2736,0.0019,0.0181
32768,8,128,SA,133.96,2927.99,11032.17,15406.15,3997.18,265.4,164.7,12.14,2.0602222222222224,10.082052168750003,17.0,83.0,93.8,6.2,8.69,6.9,93.1,0.03,8.15122,0.53878,0.00207,0.027929999999999996
32768,8,128,WA,133.96,2927.99,11032.17,30217.77,3884.59,265.4,164.7,12.14,2.0602222222222224,10.082052168750003,17.0,83.0,87.9,12.1,4.43,9.5,90.5,0.03,3.89397,0.5360299999999999,0.0028499999999999997,0.027149999999999997
32768,64,128,SA,1071.64,6308.22,24192.99,33747.78,8622.17,260.75,611.57,44.3,6.858625,37.43704095229168,15.5,84.5,93.7,6.3,31.75,6.8,93.2,0.12,29.74975,2.00025,0.008159999999999999,0.11184
32768,64,128,WA,1071.64,6308.22,24192.99,66123.39,8383.16,260.75,611.57,44.3,6.858625,37.43704095229168,15.5,84.5,87.7,12.3,16.21,9.4,90.6,0.13,14.216170000000002,1.99383,0.012220000000000002,0.11778000000000001
32768,128,128,SA,2143.29,6845.75,26330.76,36723.17,9358.7,259.99,1127.1,81.4,12.403661111111113,68.99502731875002,15.2,84.8,93.7,6.3,58.36,6.8,93.2,0.23,54.68332,3.67668,0.01564,0.21436
32768,128,128,WA,2143.29,6845.75,26330.76,71940.63,9099.95,259.99,1127.1,81.4,12.403661111111113,68.99502731875002,15.2,84.8,87.7,12.3,29.79,9.3,90.7,0.24,26.12583,3.6641700000000004,0.022320000000000003,0.21768
32768,256,128,SA,4286.58,6660.83,25571.62,35668.59,9104.76,260.48,2316.78,167.63,25.80945,141.82086717375006,15.4,84.6,93.7,6.3,120.18,6.8,93.2,0.47,112.60866000000001,7.57134,0.031959999999999995,0.43804000000000004
32768,256,128,WA,4286.58,6660.83,25571.62,69882.58,8852.6,260.48,2316.78,167.63,25.80945,141.82086717375006,15.4,84.6,87.7,12.3,61.34,9.3,90.7,0.48,53.79518,7.5448200000000005,0.044640000000000006,0.43536
32768,1,256,SA,33.49,1300.54,4890.36,6830.11,1775.2,265.94,92.7,6.85,1.1733444444444443,5.674597668750002,17.1,82.9,93.9,6.1,4.9,6.9,93.1,0.02,4.601100000000001,0.2989,0.0013800000000000002,0.018619999999999998
32768,1,256,WA,33.49,1300.54,4890.36,13398.24,1725.1,265.94,92.7,6.85,1.1733444444444443,5.674597668750002,17.1,82.9,87.9,12.1,2.5,9.5,90.5,0.02,2.1975,0.3025,0.0019,0.0181
32768,8,256,SA,267.91,4678.31,17698.29,24709.08,6388.42,264.34,206.16,15.14,2.517672222222222,12.620011385000003,16.6,83.4,93.8,6.2,10.84,6.9,93.1,0.04,10.167919999999999,0.67208,0.0027600000000000003,0.037239999999999995
32768,8,256,WA,267.91,4678.31,17698.29,48453.06,6209.12,264.34,206.16,15.14,2.517672222222222,12.620011385000003,16.6,83.4,87.9,12.1,5.53,9.5,90.5,0.04,4.86087,0.66913,0.0038,0.0362
32768,64,256,SA,2143.29,6930.92,26677.82,37205.5,9475.6,259.8,1113.25,80.34,12.19253611111111,68.14720447395835,15.2,84.8,93.7,6.3,57.61,6.7,93.3,0.23,53.98057,3.6294299999999997,0.015410000000000002,0.21459
32768,64,256,WA,2143.29,6930.92,26677.82,72882.32,9213.79,259.8,1113.25,80.34,12.19253611111111,68.14720447395835,15.2,84.8,87.7,12.3,29.41,9.3,90.7,0.23,25.79257,3.61743,0.021390000000000003,0.20861000000000002
32768,128,256,SA,4286.58,7133.04,27373.99,38183.54,9749.96,260.58,2163.41,156.59,24.160741666666667,132.43237694229168,15.4,84.6,93.7,6.3,112.26,6.8,93.2,0.44,105.18762000000001,7.072380000000001,0.02992,0.41008
32768,128,256,WA,4286.58,7133.04,27373.99,74811.64,9479.84,260.58,2163.41,156.59,24.160741666666667,132.43237694229168,15.4,84.6,87.7,12.3,57.3,9.4,90.6,0.45,50.2521,7.047899999999999,0.042300000000000004,0.40769999999999995
32768,256,256,SA,8573.16,7341.43,28284.95,39444.47,10037.48,259.55,4204.0,303.1,45.75320277777778,257.3463710833334,15.1,84.9,93.7,6.3,217.35,6.7,93.3,0.85,203.65695,13.693049999999998,0.05695,0.7930499999999999
32768,256,256,WA,8573.16,7341.43,28284.95,77263.82,9760.39,259.55,4204.0,303.1,45.75320277777778,257.3463710833334,15.1,84.9,87.7,12.3,110.96,9.3,90.7,0.88,97.31191999999999,13.64808,0.08184000000000001,0.79816
