Image size,Timesteps,Channels,Visibilities,Rows,Pixels,Mvis,Input on-disk est. bytes,Output bytes,Input + Output bytes,Input on-disk est. (GiB),Output (GiB),Input + Output (GiB)
4096,1,1,130816,130816,16777216,0.130816,1046528,67108864,68155392,0.0009746551513671875,0.0625,0.06347465515136719
4096,1,8,1046528,130816,16777216,1.046528,8372224,67108864,75481088,0.0077972412109375,0.0625,0.0702972412109375
4096,1,64,8372224,130816,16777216,8.372224,66977792,67108864,134086656,0.0623779296875,0.0625,0.1248779296875
4096,1,128,16744448,130816,16777216,16.744448,133955584,67108864,201064448,0.124755859375,0.0625,0.187255859375
4096,1,256,33488896,130816,16777216,33.488896,267911168,67108864,335020032,0.24951171875,0.0625,0.31201171875
4096,8,1,1046528,1046528,16777216,1.046528,8372224,67108864,75481088,0.0077972412109375,0.0625,0.0702972412109375
4096,8,8,8372224,1046528,16777216,8.372224,66977792,67108864,134086656,0.0623779296875,0.0625,0.1248779296875
4096,8,64,66977792,1046528,16777216,66.977792,535822336,67108864,602931200,0.4990234375,0.0625,0.5615234375
4096,8,128,133955584,1046528,16777216,133.955584,1071644672,67108864,1138753536,0.998046875,0.0625,1.060546875
4096,8,256,267911168,1046528,16777216,267.911168,2143289344,67108864,2210398208,1.99609375,0.0625,2.05859375
4096,64,1,8372224,8372224,16777216,8.372224,66977792,67108864,134086656,0.0623779296875,0.0625,0.1248779296875
4096,64,8,66977792,8372224,16777216,66.977792,535822336,67108864,602931200,0.4990234375,0.0625,0.5615234375
4096,64,64,535822336,8372224,16777216,535.822336,4286578688,67108864,4353687552,3.9921875,0.0625,4.0546875
4096,64,128,1071644672,8372224,16777216,1071.644672,8573157376,67108864,8640266240,7.984375,0.0625,8.046875
4096,64,256,2143289344,8372224,16777216,2143.289344,17146314752,67108864,17213423616,15.96875,0.0625,16.03125
4096,128,1,16744448,16744448,16777216,16.744448,133955584,67108864,201064448,0.124755859375,0.0625,0.187255859375
4096,128,8,133955584,16744448,16777216,133.955584,1071644672,67108864,1138753536,0.998046875,0.0625,1.060546875
4096,128,64,1071644672,16744448,16777216,1071.644672,8573157376,67108864,8640266240,7.984375,0.0625,8.046875
4096,128,128,2143289344,16744448,16777216,2143.289344,17146314752,67108864,17213423616,15.96875,0.0625,16.03125
4096,128,256,4286578688,16744448,16777216,4286.578688,34292629504,67108864,34359738368,31.9375,0.0625,32.0
4096,256,1,33488896,33488896,16777216,33.488896,267911168,67108864,335020032,0.24951171875,0.0625,0.31201171875
4096,256,8,267911168,33488896,16777216,267.911168,2143289344,67108864,2210398208,1.99609375,0.0625,2.05859375
4096,256,64,2143289344,33488896,16777216,2143.289344,17146314752,67108864,17213423616,15.96875,0.0625,16.03125
4096,256,128,4286578688,33488896,16777216,4286.578688,34292629504,67108864,34359738368,31.9375,0.0625,32.0
4096,256,256,8573157376,33488896,16777216,8573.157376,68585259008,67108864,68652367872,63.875,0.0625,63.9375
8192,1,1,130816,130816,67108864,0.130816,1046528,268435456,269481984,0.0009746551513671875,0.25,0.2509746551513672
8192,1,8,1046528,130816,67108864,1.046528,8372224,268435456,276807680,0.0077972412109375,0.25,0.2577972412109375
8192,1,64,8372224,130816,67108864,8.372224,66977792,268435456,335413248,0.0623779296875,0.25,0.3123779296875
8192,1,128,16744448,130816,67108864,16.744448,133955584,268435456,402391040,0.124755859375,0.25,0.374755859375
8192,1,256,33488896,130816,67108864,33.488896,267911168,268435456,536346624,0.24951171875,0.25,0.49951171875
8192,8,1,1046528,1046528,67108864,1.046528,8372224,268435456,276807680,0.0077972412109375,0.25,0.2577972412109375
8192,8,8,8372224,1046528,67108864,8.372224,66977792,268435456,335413248,0.0623779296875,0.25,0.3123779296875
8192,8,64,66977792,1046528,67108864,66.977792,535822336,268435456,804257792,0.4990234375,0.25,0.7490234375
8192,8,128,133955584,1046528,67108864,133.955584,1071644672,268435456,1340080128,0.998046875,0.25,1.248046875
8192,8,256,267911168,1046528,67108864,267.911168,2143289344,268435456,2411724800,1.99609375,0.25,2.24609375
8192,64,1,8372224,8372224,67108864,8.372224,66977792,268435456,335413248,0.0623779296875,0.25,0.3123779296875
8192,64,8,66977792,8372224,67108864,66.977792,535822336,268435456,804257792,0.4990234375,0.25,0.7490234375
8192,64,64,535822336,8372224,67108864,535.822336,4286578688,268435456,4555014144,3.9921875,0.25,4.2421875
8192,64,128,1071644672,8372224,67108864,1071.644672,8573157376,268435456,8841592832,7.984375,0.25,8.234375
8192,64,256,2143289344,8372224,67108864,2143.289344,17146314752,268435456,17414750208,15.96875,0.25,16.21875
8192,128,1,16744448,16744448,67108864,16.744448,133955584,268435456,402391040,0.124755859375,0.25,0.374755859375
8192,128,8,133955584,16744448,67108864,133.955584,1071644672,268435456,1340080128,0.998046875,0.25,1.248046875
8192,128,64,1071644672,16744448,67108864,1071.644672,8573157376,268435456,8841592832,7.984375,0.25,8.234375
8192,128,128,2143289344,16744448,67108864,2143.289344,17146314752,268435456,17414750208,15.96875,0.25,16.21875
8192,128,256,4286578688,16744448,67108864,4286.578688,34292629504,268435456,34561064960,31.9375,0.25,32.1875
8192,256,1,33488896,33488896,67108864,33.488896,267911168,268435456,536346624,0.24951171875,0.25,0.49951171875
8192,256,8,267911168,33488896,67108864,267.911168,2143289344,268435456,2411724800,1.99609375,0.25,2.24609375
8192,256,64,2143289344,33488896,67108864,2143.289344,17146314752,268435456,17414750208,15.96875,0.25,16.21875
8192,256,128,4286578688,33488896,67108864,4286.578688,34292629504,268435456,34561064960,31.9375,0.25,32.1875
8192,256,256,8573157376,33488896,67108864,8573.157376,68585259008,268435456,68853694464,63.875,0.25,64.125
16384,1,1,130816,130816,268435456,0.130816,1046528,1073741824,1074788352,0.0009746551513671875,1.0,1.0009746551513672
16384,1,8,1046528,130816,268435456,1.046528,8372224,1073741824,1082114048,0.0077972412109375,1.0,1.0077972412109375
16384,1,64,8372224,130816,268435456,8.372224,66977792,1073741824,1140719616,0.0623779296875,1.0,1.0623779296875
16384,1,128,16744448,130816,268435456,16.744448,133955584,1073741824,1207697408,0.124755859375,1.0,1.124755859375
16384,1,256,33488896,130816,268435456,33.488896,267911168,1073741824,1341652992,0.24951171875,1.0,1.24951171875
16384,8,1,1046528,1046528,268435456,1.046528,8372224,1073741824,1082114048,0.0077972412109375,1.0,1.0077972412109375
16384,8,8,8372224,1046528,268435456,8.372224,66977792,1073741824,1140719616,0.0623779296875,1.0,1.0623779296875
16384,8,64,66977792,1046528,268435456,66.977792,535822336,1073741824,1609564160,0.4990234375,1.0,1.4990234375
16384,8,128,133955584,1046528,268435456,133.955584,1071644672,1073741824,2145386496,0.998046875,1.0,1.998046875
16384,8,256,267911168,1046528,268435456,267.911168,2143289344,1073741824,3217031168,1.99609375,1.0,2.99609375
16384,64,1,8372224,8372224,268435456,8.372224,66977792,1073741824,1140719616,0.0623779296875,1.0,1.0623779296875
16384,64,8,66977792,8372224,268435456,66.977792,535822336,1073741824,1609564160,0.4990234375,1.0,1.4990234375
16384,64,64,535822336,8372224,268435456,535.822336,4286578688,1073741824,5360320512,3.9921875,1.0,4.9921875
16384,64,128,1071644672,8372224,268435456,1071.644672,8573157376,1073741824,9646899200,7.984375,1.0,8.984375
16384,64,256,2143289344,8372224,268435456,2143.289344,17146314752,1073741824,18220056576,15.96875,1.0,16.96875
16384,128,1,16744448,16744448,268435456,16.744448,133955584,1073741824,1207697408,0.124755859375,1.0,1.124755859375
16384,128,8,133955584,16744448,268435456,133.955584,1071644672,1073741824,2145386496,0.998046875,1.0,1.998046875
16384,128,64,1071644672,16744448,268435456,1071.644672,8573157376,1073741824,9646899200,7.984375,1.0,8.984375
16384,128,128,2143289344,16744448,268435456,2143.289344,17146314752,1073741824,18220056576,15.96875,1.0,16.96875
16384,128,256,4286578688,16744448,268435456,4286.578688,34292629504,1073741824,35366371328,31.9375,1.0,32.9375
16384,256,1,33488896,33488896,268435456,33.488896,267911168,1073741824,1341652992,0.24951171875,1.0,1.24951171875
16384,256,8,267911168,33488896,268435456,267.911168,2143289344,1073741824,3217031168,1.99609375,1.0,2.99609375
16384,256,64,2143289344,33488896,268435456,2143.289344,17146314752,1073741824,18220056576,15.96875,1.0,16.96875
16384,256,128,4286578688,33488896,268435456,4286.578688,34292629504,1073741824,35366371328,31.9375,1.0,32.9375
16384,256,256,8573157376,33488896,268435456,8573.157376,68585259008,1073741824,69659000832,63.875,1.0,64.875
32768,1,1,130816,130816,1073741824,0.130816,1046528,4294967296,4296013824,0.0009746551513671875,4.0,4.000974655151367
32768,1,8,1046528,130816,1073741824,1.046528,8372224,4294967296,4303339520,0.0077972412109375,4.0,4.0077972412109375
32768,1,64,8372224,130816,1073741824,8.372224,66977792,4294967296,4361945088,0.0623779296875,4.0,4.0623779296875
32768,1,128,16744448,130816,1073741824,16.744448,133955584,4294967296,4428922880,0.124755859375,4.0,4.124755859375
32768,1,256,33488896,130816,1073741824,33.488896,267911168,4294967296,4562878464,0.24951171875,4.0,4.24951171875
32768,8,1,1046528,1046528,1073741824,1.046528,8372224,4294967296,4303339520,0.0077972412109375,4.0,4.0077972412109375
32768,8,8,8372224,1046528,1073741824,8.372224,66977792,4294967296,4361945088,0.0623779296875,4.0,4.0623779296875
32768,8,64,66977792,1046528,1073741824,66.977792,535822336,4294967296,4830789632,0.4990234375,4.0,4.4990234375
32768,8,128,133955584,1046528,1073741824,133.955584,1071644672,4294967296,5366611968,0.998046875,4.0,4.998046875
32768,8,256,267911168,1046528,1073741824,267.911168,2143289344,4294967296,6438256640,1.99609375,4.0,5.99609375
32768,64,1,8372224,8372224,1073741824,8.372224,66977792,4294967296,4361945088,0.0623779296875,4.0,4.0623779296875
32768,64,8,66977792,8372224,1073741824,66.977792,535822336,4294967296,4830789632,0.4990234375,4.0,4.4990234375
32768,64,64,535822336,8372224,1073741824,535.822336,4286578688,4294967296,8581545984,3.9921875,4.0,7.9921875
32768,64,128,1071644672,8372224,1073741824,1071.644672,8573157376,4294967296,12868124672,7.984375,4.0,11.984375
32768,64,256,2143289344,8372224,1073741824,2143.289344,17146314752,4294967296,21441282048,15.96875,4.0,19.96875
32768,128,1,16744448,16744448,1073741824,16.744448,133955584,4294967296,4428922880,0.124755859375,4.0,4.124755859375
32768,128,8,133955584,16744448,1073741824,133.955584,1071644672,4294967296,5366611968,0.998046875,4.0,4.998046875
32768,128,64,1071644672,16744448,1073741824,1071.644672,8573157376,4294967296,12868124672,7.984375,4.0,11.984375
32768,128,128,2143289344,16744448,1073741824,2143.289344,17146314752,4294967296,21441282048,15.96875,4.0,19.96875
32768,128,256,4286578688,16744448,1073741824,4286.578688,34292629504,4294967296,38587596800,31.9375,4.0,35.9375
32768,256,1,33488896,33488896,1073741824,33.488896,267911168,4294967296,4562878464,0.24951171875,4.0,4.24951171875
32768,256,8,267911168,33488896,1073741824,267.911168,2143289344,4294967296,6438256640,1.99609375,4.0,5.99609375
32768,256,64,2143289344,33488896,1073741824,2143.289344,17146314752,4294967296,21441282048,15.96875,4.0,19.96875
32768,256,128,4286578688,33488896,1073741824,4286.578688,34292629504,4294967296,38587596800,31.9375,4.0,35.9375
32768,256,256,8573157376,33488896,1073741824,8573.157376,68585259008,4294967296,72880226304,63.875,4.0,67.875
