image_size,timesteps,channels,gridder_s,sub_fft_s,wtiling_s,known_kernel_s,wall_s,wall_s_mean,wall_s_std,throughput_mvis_s_mean,throughput_mvis_s_std,gpu_sm_util_mean_pct,gpu_sm_util_peak_pct,gpu_mem_util_mean_pct,gpu_mem_util_peak_pct,gpu_mem_used_sum_mb_peak,gpu_sm_util_active_mean_pct,gpu_mem_util_active_mean_pct,gpu_mem_used_sum_mb_active_mean,cpu_power_sum_w_mean,other_s,n_runs
4096,1,1,0.008466,0.0011928,0.11508,0.1247388,33.53,33.53,,0.79,,0.06599276791584484,25.0,0.005095332018408941,2.0,54606.0,3.5219298245614037,0.2719298245614035,21441.719298245614,232.5616176950702,33.4052612,1
4096,1,8,0.008472,0.0,0.096196,0.10466800000000001,34.31,34.31,,7.45,,0.04906771344455348,25.0,0.004579653254824992,1.75,52120.0,3.409090909090909,0.3181818181818182,20922.136363636364,232.5705180840665,34.205332000000006,1
4096,1,64,0.008476,0.0,0.091111,0.099587,38.36,38.36,,63.22,,0.05108836907082521,20.25,0.0050357374918778425,2.0,44570.0,3.93125,0.3875,20572.1,232.67914456662356,38.260413,1
4096,1,128,0.011643,0.0,0.090947,0.10259,43.21,43.21,,126.04,,0.05097631241997439,25.0,0.0035211267605633804,2.0,51152.0,3.703488372093023,0.2558139534883721,19559.976744186046,232.80333365139953,43.10741,1
4096,1,256,0.019043,0.0,0.10364,0.122683,52.06,52.06,,223.63,,0.05042613636363636,15.0,0.0029198232323232325,2.0,51636.0,3.328125,0.19270833333333334,21853.875,232.2195274208712,51.937317,1
4096,8,1,0.033926,0.0041341,0.11862199999999999,0.1566821,43.24,43.24,,6.05,,0.0766206675224647,25.0,0.012114890885750964,7.0,55590.0,3.9139344262295084,0.6188524590163934,20857.803278688523,232.8297591054313,43.083317900000004,1
4096,8,8,0.03605,0.004355,0.10175999999999999,0.14216499999999999,43.57,43.57,,56.34,,0.06433645463351631,25.0,0.010655473038424281,7.0,53752.0,4.427777777777778,0.7333333333333333,19695.6,232.6147568690096,43.427835,1
4096,8,64,0.051886,0.0042012,0.114258,0.1703452,72.94,72.94,,400.26,,0.06562962962962963,25.0,0.011703703703703704,7.5,53302.0,4.3431372549019605,0.7745098039215687,21390.0,233.0354622863877,72.7696548,1
4096,8,128,0.079318,0.0027511,0.145714,0.22778310000000002,107.95,107.95,,635.41,,0.05241824677109096,25.0,0.003572410002748008,2.0,54692.0,4.3352272727272725,0.29545454545454547,23561.727272727272,233.11784870041038,107.7222169,1
4096,8,256,0.138374,0.00371,0.20182899999999998,0.34391299999999997,173.06,173.06,,912.79,,0.05550816475749452,21.5,0.010297343407262979,6.75,53468.0,4.744791666666667,0.8802083333333334,20481.958333333332,232.81382173174876,172.71608700000002,1
4096,64,1,0.0613359,0.005837,0.13782799999999998,0.20500089999999999,87.42,87.42,,41.51,,0.06443672169128294,25.0,0.012742542716478424,7.25,55898.0,3.836206896551724,0.7586206896551724,21245.41379310345,233.12298794142978,87.2149991,1
4096,64,8,0.0782969,0.0069828,0.133943,0.2192227,117.47999999999999,117.47999999999999,,342.75,,0.054238894907908994,25.0,0.005958829902491874,3.0,54500.0,4.551136363636363,0.5,20976.272727272728,233.33720274267276,117.26077729999999,1
4096,64,64,0.28359,0.0061372,0.50728,0.7970071999999999,349.09000000000003,349.09000000000003,,668.6533333333333,,0.07501810938065918,22.75,0.007107931908728721,2.0,54694.0,6.47265625,0.61328125,27116.4375,234.02105714800794,348.29299280000004,1
4096,64,128,0.5279039999999999,0.0090092,0.93262,1.4695331999999999,592.76,592.76,,782.162,,0.08084156406440265,24.25,0.0069341090515491815,2.25,54480.0,8.184931506849315,0.702054794520548,29506.630136986303,234.70868288748488,591.2904668,1
4096,64,256,1.01757,0.009196,1.6948500000000002,2.721616,1123.88,1123.88,,872.89625,,0.09004181913225301,25.0,0.010019167102282628,8.25,53076.0,8.833333333333334,0.9829059829059829,34078.41025641026,234.9439046009878,1121.158384,1
4096,128,1,0.068792,0.008168,0.136568,0.213528,137.39,137.39,,83.06,,0.057310469314079425,25.0,0.005157297576070139,2.75,54414.0,3.419230769230769,0.3076923076923077,21463.784615384615,233.41621703437661,137.176472,1
4096,128,8,0.108814,0.0082541,0.160074,0.2771421,200.9,200.9,,572.87,,0.04366635902168897,25.0,0.0035186894323950163,2.25,53076.0,4.114130434782608,0.33152173913043476,19596.478260869564,233.44255616689597,200.6228579,1
4096,128,64,0.5315089,0.010875099999999999,0.94446,1.486844,665.61,665.61,,775.708,,0.07809165097300691,25.0,0.007062146892655367,2.25,54598.0,7.585365853658536,0.6859756097560976,30947.170731707316,234.82995453409941,664.123156,1
4096,128,128,1.028079,0.0139951,1.827535,2.8696091,1174.21,1174.21,,775.716,,0.08397855866587255,24.75,0.009869820471369013,7.75,52596.0,8.582608695652175,1.008695652173913,34587.72173913044,235.17338016112788,1171.3403909,1
4096,128,256,2.00963,0.0154478,3.3625499999999993,5.387627799999999,2228.37,2228.37,,883.881875,,0.09050764247393461,25.0,0.009451867597935013,8.25,52284.0,10.336705202312139,1.079479768786127,37620.40462427746,234.78788325614178,2222.9823722,1
4096,256,1,0.08174100000000001,0.0073008000000000005,0.143747,0.23278880000000002,241.87,241.87,,159.91,,0.05537529742591391,24.0,0.011139952411853775,10.0,54498.0,4.19672131147541,0.8442622950819673,22287.114754098362,233.28798003434952,241.6372112,1
4096,256,8,0.17461000000000002,0.007331099999999999,0.3179,0.49984110000000004,378.0,378.0,,443.125,,0.05695980340530104,23.25,0.009566438476391083,8.0,54768.0,6.122641509433962,1.028301886792453,26317.849056603773,233.93256677126922,377.5001589,1
4096,256,64,1.033029,0.0095856,1.8630300000000002,2.9056446000000005,1286.96,1286.96,,782.711,,0.08393987341772152,24.75,0.010996835443037974,8.25,53034.0,8.488,1.112,34992.248,234.38074866141736,1284.0543554,1
4096,256,128,2.0285539999999997,0.0115592,3.5402299999999998,5.5803432,2268.79,2268.79,,826.7963157894737,,0.09142030848329048,25.0,0.008737888075934348,2.25,51704.0,10.050271739130435,0.9605978260869565,37221.684782608696,235.03719792179652,2263.2096568,1
4096,256,256,3.9972100000000004,0.0172615,6.696880000000001,10.711351500000001,4493.0,4493.0,,886.806875,,0.09133964817320704,25.0,0.008497970230040595,2.25,51940.0,11.212624584717608,1.043189368770764,39857.8073089701,235.34236582343277,4482.2886485,1
8192,1,1,0.010599,0.0,0.11751,0.128109,34.97,34.97,,0.95,,0.05927750410509031,25.0,0.007060755336617406,3.0,55290.0,2.6940298507462686,0.3208955223880597,23174.985074626864,232.8708092126756,34.841891,1
8192,1,8,0.011605,0.001009,0.099355,0.111969,35.22,35.22,,9.0,,0.05133048620236531,13.0,0.008377135348226018,3.25,52804.0,3.125,0.51,23296.72,232.8406803385417,35.108031,1
8192,1,64,0.010627,0.0013101,0.09327,0.1052071,38.86,38.86,,76.73,,0.056013579049466536,25.0,0.005577109602327837,3.5,52150.0,3.766304347826087,0.375,22608.782608695652,232.8269295819936,38.7547929,1
8192,1,128,0.014823,0.001461,0.0953,0.11158399999999999,43.89,43.89,,151.8,,0.03579436258808456,14.25,0.004244074311338886,3.25,44416.0,2.8653846153846154,0.33974358974358976,23945.53846153846,232.7881927480916,43.778416,1
8192,1,256,0.023291,0.001265,0.1091,0.133656,52.88,52.88,,263.35,,0.04914664981036662,23.75,0.005214917825537294,3.5,52320.0,3.173469387755102,0.336734693877551,24488.85714285714,232.9439830774052,52.746344,1
8192,8,1,0.048704,0.0059533,0.133695,0.1883523,42.01,42.01,,6.66,,0.08408143635780699,25.0,0.017313241423533184,15.5,56278.0,3.9734848484848486,0.8181818181818182,25223.424242424244,232.96440867070453,41.8216477,1
8192,8,8,0.051857,0.0070842,0.116472,0.1754132,45.62,45.62,,60.53,,0.06432655654383736,25.0,0.018106734434561626,14.75,54560.0,3.894230769230769,1.0961538461538463,24723.69230769231,232.96472488945045,45.444586799999996,1
8192,8,64,0.067577,0.0065829,0.130135,0.2042949,72.78,72.78,,439.19,,0.05975500448162534,25.0,0.019270988945324172,15.25,54142.0,4.166666666666667,1.34375,25755.333333333332,233.2058286391936,72.57570510000001,1
8192,8,128,0.102383,0.0067978,0.161503,0.27068380000000003,108.46000000000001,108.46000000000001,,707.79,,0.05810249307479225,25.0,0.014127423822714681,17.25,53968.0,4.462765957446808,1.0851063829787233,24712.08510638298,233.45320373421197,108.18931620000001,1
8192,8,256,0.176362,0.0057109,0.23875,0.4208229,167.64,167.64,,960.5,,0.0584279368213228,25.0,0.012833168805528134,15.75,54288.0,5.146739130434782,1.1304347826086956,26340.521739130436,233.71715935278257,167.2191771,1
8192,64,1,0.113078,0.0143296,0.171483,0.2988906,87.58,87.58,,40.8,,0.08622936576889662,25.0,0.028960324355632783,18.25,55342.0,4.4440298507462686,1.492537313432836,23038.0,233.54945201149425,87.28110939999999,1
8192,64,8,0.134083,0.0123448,0.188065,0.33449280000000003,119.96000000000001,119.96000000000001,,301.05,,0.07010652463382157,25.0,0.024567243675099867,20.0,54336.0,4.966981132075472,1.740566037735849,24030.98113207547,233.88373248407643,119.6255072,1
8192,64,64,0.372321,0.0159799,0.568333,0.9566338999999999,335.11,335.11,,733.6233333333333,,0.09934417143912802,25.0,0.02203029743210789,16.5,54242.0,7.266891891891892,1.6114864864864864,30636.216216216217,234.70670946441672,334.1533661,1
8192,64,128,0.674456,0.0160138,1.035644,1.7261138,588.26,588.26,,871.324,,0.08845058967059781,25.0,0.01836790023044598,19.5,54552.0,7.767857142857143,1.6130952380952381,31630.404761904763,235.56862520172135,586.5338862,1
8192,64,256,1.2944330000000004,0.016778900000000003,1.9355419999999999,3.2467539000000003,1078.63,1078.63,,949.9437499999999,,0.09980183750675554,25.0,0.018239956764546927,19.5,54172.0,9.551724137931034,1.7456896551724137,34324.31034482759,234.4101650824964,1075.3832461000002,1
8192,128,1,0.136567,0.016778,0.195757,0.349102,139.28,139.28,,72.24,,0.08387096774193549,23.75,0.034193548387096775,16.25,54898.0,4.276315789473684,1.743421052631579,24478.342105263157,234.2125397639815,138.930898,1
8192,128,8,0.178864,0.015922,0.233838,0.428624,200.24,200.24,,485.38,,0.06621030832949838,25.0,0.02421767142199724,16.25,53928.0,5.429245283018868,1.9858490566037736,28291.509433962263,234.4622363968907,199.811376,1
8192,128,64,0.6885679999999998,0.0139377,0.8625061,1.5650118,639.84,639.84,,875.0319999999999,,0.08607987592089958,25.0,0.018482616001033993,17.75,54318.0,6.9375,1.4895833333333333,33415.520833333336,235.457183111225,638.2749882,1
8192,128,128,1.302435,0.0183683,2.063369,3.3841722999999995,1141.16,1141.16,,849.3050000000001,,0.10219365241004752,25.0,0.016611507128309572,18.0,53920.0,9.192748091603054,1.4942748091603053,36069.81679389313,235.7927716721533,1137.7758277,1
8192,128,256,2.5385000000000004,0.029355399999999997,3.65815,6.2260054,2119.09,2119.09,,942.934375,,0.10214337928153717,25.0,0.014411027568922305,19.5,54064.0,10.083762886597938,1.422680412371134,38267.26804123711,235.53751355280926,2112.8639946000003,1
8192,256,1,0.155185,0.0166941,0.21897299999999997,0.3908520999999999,242.97,242.97,,128.34,,0.060770220982621755,25.0,0.02032825573911178,19.25,55650.0,4.496031746031746,1.503968253968254,24120.666666666668,233.55963415672912,242.5791479,1
8192,256,8,0.260877,0.018625199999999998,0.40629099999999996,0.6857932,366.9,366.9,,407.86,,0.07659269863994274,25.0,0.020177165354330708,20.25,54308.0,5.944444444444445,1.5659722222222223,29764.527777777777,234.03404574581702,366.2142068,1
8192,256,64,1.3128798,0.021547200000000002,2.101302,3.4357290000000003,1230.0,1230.0,,858.2049999999999,,0.09486069123294387,25.0,0.01468665740665087,20.0,54602.0,8.930769230769231,1.3826923076923077,36835.03076923077,234.71303332520523,1226.564271,1
8192,256,128,2.5369050000000004,0.03198619999999999,4.066800000000001,6.635691200000001,2196.39,2196.39,,889.7231578947367,,0.10376044568245125,25.0,0.013459103570524183,20.5,53408.0,10.042892156862745,1.3026960784313726,39081.64705882353,234.79297100427894,2189.7543087999998,1
8192,256,256,5.011769999999999,0.0351574,7.7270600000000025,12.773987400000003,4174.0,4174.0,,952.4528124999999,,0.1074010056568196,25.0,0.01142791840466259,20.5,53000.0,11.42629179331307,1.21580547112462,40785.05775075988,235.71547670983867,4161.2260126,1
16384,1,1,0.012714,0.0,0.11859,0.131304,44.72,44.72,,1.08,,0.06459865685960985,24.25,0.007834985609210105,6.25,55836.0,3.3114754098360657,0.4016393442622951,23969.475409836065,233.40504731660843,44.588696,1
16384,1,8,0.011656,0.0010581,0.10053,0.11324409999999999,43.1,43.1,,10.18,,0.05065937600514635,25.0,0.007639112254744291,7.5,53350.0,3.5795454545454546,0.5397727272727273,22673.363636363636,233.1490858054227,42.9867559,1
16384,1,64,0.01266,0.001528,0.095369,0.10955699999999999,46.36,46.36,,86.53,,0.05763116057233704,25.0,0.0062798092209856915,6.75,52696.0,3.553921568627451,0.3872549019607843,24395.41176470588,233.26610161443494,46.250443,1
16384,1,128,0.016877,0.001683,0.097227,0.115787,50.19,50.19,,170.71,,0.04839987325728771,25.0,0.00697084917617237,7.5,52382.0,3.725609756097561,0.5365853658536586,25972.878048780487,233.27420389569588,50.074213,1
16384,1,256,0.02862,0.0017979,0.11449,0.1449079,62.14,62.14,,288.86,,0.045084485407066055,23.25,0.007142857142857143,7.75,53170.0,3.335227272727273,0.5284090909090909,26134.0,233.00400213284584,61.9950921,1
16384,8,1,0.06229900000000001,0.0087151,0.141642,0.21265610000000001,52.56,52.56,,7.16,,0.12144642299281475,25.0,0.04420493595751328,17.75,55776.0,5.553571428571429,2.0214285714285714,26568.628571428573,233.4672811918063,52.347343900000006,1
16384,8,8,0.06476399999999999,0.0077617,0.127313,0.19983869999999998,54.4,54.4,,63.96,,0.10851990049751244,24.0,0.04329912935323383,18.25,54358.0,6.232142857142857,2.486607142857143,25770.25,233.49706831530142,54.2001613,1
16384,8,64,0.08364100000000001,0.008189,0.13665,0.22848000000000002,80.21000000000001,80.21000000000001,,479.02,,0.09330108472588684,25.0,0.0390647903840516,19.25,54024.0,5.683035714285714,2.3794642857142856,28031.75,233.59873063482817,79.98152,1
16384,8,128,0.120585,0.0057721000000000005,0.172553,0.2989101,109.9,109.9,,761.32,,0.08939311098961181,25.0,0.037452159650082015,17.25,53898.0,6.411764705882353,2.6862745098039214,26068.901960784315,233.79753035665667,109.6010899,1
16384,8,256,0.21395799999999998,0.0089278,0.264834,0.4877198,173.63,173.63,,994.05,,0.09538758753924173,25.0,0.03718908476213475,17.75,52850.0,6.370967741935484,2.4838709677419355,28818.58064516129,233.4792734262374,173.1422802,1
16384,64,1,0.17628300000000002,0.0224404,0.249591,0.4483144,96.05,96.05,,32.44,,0.16211821266968326,25.0,0.08413461538461539,22.25,55304.0,7.6433333333333335,3.966666666666667,28395.2,233.67258260624823,95.6016856,1
16384,64,8,0.203005,0.0234821,0.274455,0.5009421000000001,125.56,125.56,,238.22,,0.14183835182250396,24.5,0.07600369783412572,21.25,54438.0,8.014925373134329,4.294776119402985,28839.701492537315,234.10549500525764,125.0590579,1
16384,64,64,0.4636261,0.0242538,0.6444721,1.132352,337.18,337.18,,743.1666666666666,,0.13450535252860835,24.5,0.05832410483573274,22.5,54476.0,9.109375,3.95,32287.85,234.91010109689213,336.047648,1
16384,64,128,0.817661,0.0253634,1.140751,1.9837754,565.05,565.05,,912.71,,0.13879540036460525,25.0,0.04788949656429673,20.5,54574.0,9.799504950495049,3.381188118811881,34247.544554455446,234.9806489272778,563.0662245999999,1
16384,64,256,1.5578349999999996,0.034658,2.112864,3.705357,1060.88,1060.88,,998.5825,,0.11323126142595978,25.0,0.029456124314442413,19.75,53994.0,9.831349206349206,2.5575396825396823,36003.93650793651,234.9397995096704,1057.174643,1
16384,128,1,0.22165700000000002,0.0259865,0.3090258,0.5566693,149.86,149.86,,52.37,,0.13489254108723137,24.0,0.07591656131479141,20.5,55432.0,6.0625,3.4119318181818183,28283.590909090908,234.25402989198693,149.3033307,1
16384,128,8,0.26843900000000004,0.0248904,0.353809,0.6471384,205.0,205.0,,367.48,,0.13228183283444622,25.0,0.06291733824545245,19.5,54746.0,8.574626865671641,4.0783582089552235,30319.283582089553,233.78551718606784,204.3528616,1
16384,128,64,0.839391,0.0298286,0.975835,1.8450546,630.61,630.61,,911.14,,0.12100801682218426,24.5,0.03998554343540544,20.5,54780.0,9.026960784313726,2.982843137254902,34287.705882352944,234.95969548286604,628.7649454,1
16384,128,128,1.5530019999999998,0.0317917,2.2743010000000004,3.8590947,1096.71,1096.71,,884.3639999999999,,0.1307634332328427,25.0,0.03617662706153573,20.25,54790.0,9.89765100671141,2.738255033557047,37154.73825503356,235.24712047133306,1092.8509053,1
16384,128,256,3.0095229999999997,0.0359656,4.185940000000001,7.231428600000001,2067.12,2067.12,,1011.7125,,0.11420433170312248,25.0,0.024103831891223733,21.75,53558.0,10.572139303482587,2.2313432835820897,38598.6368159204,235.31671605202592,2059.8885714,1
16384,256,1,0.268135,0.0283711,0.35829900000000003,0.6548051,250.96,250.96,,90.1,,0.11220263381478335,24.75,0.06090696686491079,20.75,54184.0,6.686708860759493,3.6297468354430378,28888.683544303796,233.5671355288157,250.3051949,1
16384,256,8,0.37556,0.029084800000000004,0.547944,0.9525888,370.38,370.38,,334.545,,0.11043906810035842,25.0,0.05224014336917563,20.0,53742.0,9.0625,4.286764705882353,31407.470588235294,233.56875342709634,369.4274112,1
16384,256,64,1.5728100000000003,0.032894700000000006,2.2622679999999997,3.8679727,1208.12,1208.12,,916.3199999999999,,0.11898877345844504,25.0,0.032443867292225204,20.5,54284.0,9.531879194630873,2.598993288590604,37362.41610738255,234.85139913376645,1204.2520272999998,1
16384,256,128,3.0007439999999996,0.04090190000000001,4.445564000000001,7.487209900000001,2153.65,2153.65,,939.9510526315789,,0.1254365389627313,25.0,0.025032577534532186,19.5,53890.0,10.695555555555556,2.1344444444444446,39593.71555555556,234.74102052026115,2146.1627901,1
16384,256,256,5.887941000000001,0.057872799999999995,8.430324999999998,14.3761388,4119.0,4119.0,,1005.9409375,,0.11869214474333305,25.0,0.018281535648994516,23.0,53522.0,11.554378531073446,1.7796610169491525,40508.27118644068,235.5026578559241,4104.6238612,1
32768,1,1,0.01166,0.001533,0.11932,0.132513,79.62,79.62,,1.09,,0.06790032438808612,25.0,0.007372456502506636,9.5,55868.0,3.4365671641791047,0.373134328358209,22050.716417910447,234.195899911946,79.487487,1
32768,1,8,0.012693,0.0,0.10132,0.11401299999999999,78.94,78.94,,10.26,,0.05621518616241571,25.0,0.007255936675461741,9.25,44858.0,4.079787234042553,0.526595744680851,23649.957446808512,234.44062503639012,78.825987,1
32768,1,64,0.012708,0.001472,0.096182,0.110362,82.01,82.01,,86.15,,0.057389018691588786,25.0,0.007155373831775701,9.25,52728.0,3.8529411764705883,0.4803921568627451,22142.470588235294,234.4654734551784,81.89963800000001,1
32768,1,128,0.016934,0.0012548,0.097257,0.1154458,84.27,84.27,,170.13,,0.040362679145949105,25.0,0.005118455688797894,10.75,52422.0,2.6538461538461537,0.33653846153846156,25418.423076923078,234.2036545928716,84.15455419999999,1
32768,1,256,0.028601,0.0018778,0.11435,0.14482879999999998,92.7,92.7,,290.57,,0.0546133946536361,25.0,0.006754814601897097,8.75,53234.0,4.042553191489362,0.5,22220.63829787234,233.90344298745725,92.5551712,1
32768,8,1,0.06335099999999999,0.0065231,0.143957,0.2138311,92.43,92.43,,7.2,,0.13007723112128147,25.0,0.04948512585812357,17.75,55736.0,5.983552631578948,2.276315789473684,26370.657894736843,234.45380458793542,92.21616890000001,1
32768,8,8,0.066482,0.007792199999999999,0.129226,0.20350020000000002,86.41,86.41,,63.91,,0.11058942502167003,25.0,0.04803524992776654,16.75,54314.0,6.599137931034483,2.8663793103448274,24596.241379310344,234.34885191587438,86.2064998,1
32768,8,64,0.084476,0.0087672,0.137226,0.23046919999999999,110.17,110.17,,481.59,,0.10722130697419001,25.0,0.04736408566721582,16.25,53984.0,6.508333333333334,2.875,27026.033333333333,234.44031823144107,109.9395308,1
32768,8,128,0.121763,0.007103,0.172585,0.301451,164.7,164.7,,755.99,,0.09312391788276032,23.0,0.04347019539945585,16.75,53858.0,6.491379310344827,3.0301724137931036,27119.172413793105,234.45175147492628,164.398549,1
32768,8,256,0.21536499999999997,0.009540100000000001,0.26707000000000003,0.4919751,206.16,206.16,,993.18,,0.09508084718742883,24.5,0.04150535185606923,16.25,52822.0,6.733870967741935,2.939516129032258,27637.09677419355,234.9216055956679,205.6680249,1
32768,64,1,0.180649,0.0206988,0.25587,0.4572178,130.43,130.43,,31.84,,0.16802954365602743,25.0,0.08289369559482986,17.0,55360.0,7.0777777777777775,3.4916666666666667,26149.866666666665,234.33607858081476,129.9727822,1
32768,64,8,0.20658,0.0214101,0.277904,0.5058941,164.84,164.84,,236.1,,0.1368649318463445,24.25,0.07087980173482032,15.75,54518.0,7.778169014084507,4.028169014084507,31288.422535211266,234.49853243243243,164.3341059,1
32768,64,64,0.469741,0.0213102,0.6497930000000001,1.1408442,370.07,370.07,,741.7399999999999,,0.13525243578387955,25.0,0.0562444641275465,16.5,54408.0,8.676136363636363,3.6079545454545454,32291.159090909092,235.60633779735687,368.9291558,1
32768,64,128,0.822139,0.0247919,0.9742569999999999,1.8211879,611.57,611.57,,913.3520000000001,,0.14164534805439613,25.0,0.0497172478793591,16.5,54354.0,10.115384615384615,3.550480769230769,34223.730769230766,234.92941405622489,609.7488121,1
32768,64,256,1.578246,0.03841769999999999,2.1307139999999998,3.7473776999999995,1113.25,1113.25,,998.0174999999999,,0.12339786086802794,25.0,0.030694775921506233,16.75,53962.0,10.34074074074074,2.5722222222222224,36092.35555555556,235.5266142355009,1109.5026223,1
32768,128,1,0.22209800000000002,0.022882600000000003,0.315805,0.5607856,215.97,215.97,,51.56,,0.1510779249943858,24.0,0.07057040197619582,17.0,55380.0,8.105421686746988,3.786144578313253,27039.710843373494,234.9508909212581,215.4092144,1
32768,128,8,0.27128399999999997,0.024053500000000002,0.35709300000000005,0.6524305,249.51,249.51,,363.23,,0.1415592647369533,25.0,0.06739911261356434,16.25,54698.0,9.305555555555555,4.430555555555555,27191.944444444445,235.31120728643214,248.85756949999998,1
32768,128,64,0.8427276,0.0306087,1.1246179999999997,1.9979542999999997,658.26,658.26,,934.058,,0.13890994063407858,24.5,0.0455980800808387,16.5,54172.0,10.089449541284404,3.311926605504587,34318.0,236.14773488372091,656.2620457,1
32768,128,128,1.5583830000000003,0.0332593,2.2798380000000003,3.871480300000001,1127.1,1127.1,,888.049,,0.133674630261661,25.0,0.035967445523759516,17.0,54742.0,10.53448275862069,2.8344827586206898,35975.33793103448,235.60431965499217,1123.2285196999999,1
32768,128,256,3.038443,0.0387958,4.214918000000001,7.292156800000001,2163.41,2163.41,,1011.3512499999999,,0.12443161497981914,25.0,0.02438307873090482,16.75,53530.0,11.020361990950226,2.159502262443439,38673.49321266968,236.3752964788375,2156.1178431999997,1
32768,256,1,0.26531000000000005,0.0285861,0.360227,0.6541231000000001,307.69,307.69,,90.09,,0.13044959128065395,25.0,0.06111327364733359,16.5,54080.0,7.885294117647059,3.6941176470588237,28501.647058823528,234.0541018751208,307.0358769,1
32768,256,8,0.375879,0.0259929,0.549829,0.9517009000000001,429.41,429.41,,336.13,,0.12432454560340593,25.0,0.05567381693139021,16.75,52862.0,8.727011494252874,3.9080459770114944,30678.689655172413,234.74067046936113,428.45829910000003,1
32768,256,64,1.573266,0.035824100000000005,2.290371,3.8994611,1247.49,1247.49,,912.0290000000001,,0.11960585127996749,25.0,0.03271028037383177,17.0,54824.0,10.5125,2.875,36735.3,234.58572736833588,1243.5905389,1
32768,256,128,2.997126,0.039572600000000006,4.4456359999999995,7.4823346,2316.78,2316.78,,944.1700000000002,,0.12203047415052089,25.0,0.02548437347872651,16.75,53794.0,10.712606837606838,2.2371794871794872,38719.307692307695,235.34708271987597,2309.2976654000004,1
32768,256,256,5.940126000000001,0.0582526,8.486073,14.4844516,4204.0,4204.0,,1006.0415624999999,,0.11972379603399433,25.0,0.018944759206798868,16.75,53474.0,12.214595375722544,1.9328034682080926,41218.832369942196,235.74323722699734,4189.5155484,1
