4096, 1, 1, 0:33.53, 33.53, 130816, 130816, 1, 0.116, 242.570, 28.100, 0.119, 159.960, 19.110, 0.790, 74.46, 232.31, 1.84, 1660.79, 0.92, 0.33, -3.51, 1658.53, 267.02, 0.09, 1733.00, 1657.53, 880.48, 0.94, 7775.82, 11307.80, 35089.50
4096, 1, 8, 0:34.31, 34.31, 130816, 1046528, 1, 0.098, 239.150, 23.370, 0.101, 161.750, 16.360, 7.450, 53.99, 232.55, 1.77, 1656.83, 0.63, 0.05, 3.80, 1661.31, 266.99, 0.07, 1715.30, 1646.85, 881.22, 1.17, 7932.81, 11480.29, 36005.00
4096, 1, 64, 0:38.36, 38.36, 130816, 8372224, 1, 0.092, 242.420, 22.330, 0.095, 161.790, 15.370, 63.220, 75.94, 232.52, 1.73, 1794.30, 1.12, -0.08, 0.22, 1795.56, 267.04, 0.10, 1871.50, 1816.53, 881.57, 1.01, 8887.79, 12703.51, 39748.50
4096, 1, 128, 0:43.21, 43.21, 130816, 16744448, 1, 0.092, 241.580, 22.320, 0.096, 160.300, 15.380, 126.040, 96.45, 232.52, 1.81, 1991.56, 1.59, 0.31, 2.15, 1995.62, 267.07, 0.07, 2092.07, 2067.10, 881.20, 1.40, 10036.91, 14209.30, 44359.00
4096, 8, 1, 0:43.24, 43.24, 1046528, 1046528, 1, 0.120, 248.600, 29.900, 0.124, 164.890, 20.500, 6.050, 159.39, 232.40, 1.78, 2072.46, 1.68, -0.25, 3.06, 2076.95, 267.13, 0.07, 2236.34, 2194.30, 881.68, 1.23, 10078.44, 14287.72, 44484.50
4096, 8, 8, 0:43.57, 43.57, 1046528, 8372224, 1, 0.103, 247.660, 25.590, 0.107, 158.820, 17.070, 56.340, 89.96, 232.37, 1.78, 2008.94, -0.99, -0.65, -0.01, 2007.28, 267.10, 0.09, 2097.24, 1980.20, 881.32, 1.49, 10117.43, 14331.49, 44238.50
4096, 8, 64, 1:12.94, 72.94, 1046528, 66977792, 1, 0.116, 241.010, 28.040, 0.120, 183.460, 21.970, 400.260, 161.85, 232.71, 1.78, 3058.69, 2.20, -1.08, 3.12, 3062.93, 267.16, 0.07, 3224.78, 3060.70, 881.57, 1.13, 17050.17, 23231.71, 71864.00
4096, 8, 128, 1:47.95, 107.95, 1046528, 133955584, 1, 0.147, 240.730, 35.280, 0.151, 159.300, 23.990, 635.410, 245.14, 232.60, 1.67, 4386.44, 1.85, 0.01, 3.61, 4391.91, 266.99, 0.08, 4637.04, 4714.88, 881.18, 1.20, 25243.24, 33867.49, 104218.00
4096, 64, 1, 1:27.42, 87.42, 8372224, 8372224, 1, 0.140, 243.070, 34.080, 0.144, 190.020, 27.440, 41.510, 267.31, 232.52, 1.76, 3609.92, 1.27, -0.20, 9.75, 3620.74, 267.12, 0.07, 3888.05, 3798.99, 880.86, 1.49, 20475.68, 27624.67, 84793.50
4096, 64, 8, 1:57.48, 117.48, 8372224, 66977792, 1, 0.136, 244.810, 33.260, 0.138, 162.600, 22.510, 342.750, 379.99, 232.55, 1.81, 4655.95, 0.60, -0.52, 9.86, 4665.90, 267.12, 0.07, 5045.88, 5022.87, 880.72, 1.05, 27605.21, 36732.41, 112378.50
4096, 64, 64, 5:49.09, 349.09, 8372224, 535822336, 3, 0.170, 242.397, 41.260, 0.172, 196.233, 34.907, 668.653, 926.85, 232.75, 1.74, 13004.25, 4.16, -3.03, 5.29, 13010.66, 267.13, 0.08, 13937.51, 13658.40, 881.45, 1.07, 82072.09, 106902.00, 325651.00
4096, 64, 128, 9:52.76, 592.76, 8372224, 1071644672, 5, 0.187, 243.712, 45.716, 0.188, 191.142, 36.336, 782.162, 1909.99, 232.68, 1.77, 21838.09, 40.77, 15.64, 55.00, 21949.49, 267.22, 0.07, 23859.48, 23523.63, 881.27, 1.24, 139713.46, 180978.17, 550462.50
4096, 128, 1, 2:17.39, 137.39, 16744448, 16744448, 1, 0.140, 242.210, 33.950, 0.143, 171.170, 24.530, 83.060, 335.93, 232.80, 1.85, 5366.91, -1.02, -3.21, 3.78, 5366.46, 267.27, 0.09, 5702.39, 5830.10, 881.40, 0.76, 32239.17, 42776.72, 130946.50
4096, 128, 8, 3:20.90, 200.90, 16744448, 133955584, 1, 0.163, 243.730, 39.620, 0.167, 223.050, 37.160, 572.870, 308.66, 232.99, 1.79, 7592.21, 3.05, -3.92, 8.22, 7599.57, 267.30, 0.09, 7908.22, 7716.17, 882.12, 1.29, 47027.27, 61973.87, 189409.50
4096, 128, 64, 11:05.61, 665.61, 16744448, 1071644672, 5, 0.190, 241.722, 45.948, 0.191, 173.644, 33.290, 775.708, 1964.77, 232.96, 1.74, 24342.04, 8.92, -12.34, -1.58, 24337.03, 267.60, 0.11, 26301.80, 25885.87, 882.03, 0.89, 156928.58, 203119.98, 616846.00
4096, 128, 128, 19:34.21, 1174.21, 16744448, 2143289344, 10, 0.184, 243.404, 44.700, 0.184, 202.114, 37.664, 775.716, 3541.65, 232.89, 2.11, 43025.36, 8.99, -16.37, 44.86, 43062.85, 267.46, 0.08, 46604.50, 46234.50, 882.00, 1.54, 276898.56, 357748.87, 1086086.50
8192, 1, 1, 0:34.97, 34.97, 130816, 130816, 1, 0.119, 243.680, 28.910, 0.122, 161.270, 19.620, 0.950, 90.11, 232.65, 1.79, 1722.21, 1.39, -0.40, 1.16, 1724.35, 267.20, 0.07, 1814.47, 1678.87, 881.78, 1.10, 8148.09, 11745.59, 36983.00
8192, 1, 8, 0:35.22, 35.22, 130816, 1046528, 1, 0.100, 241.990, 24.250, 0.103, 159.100, 16.420, 9.000, 58.65, 232.79, 1.97, 1704.57, -0.11, -1.49, 0.74, 1703.70, 267.31, 0.08, 1762.36, 1831.17, 881.58, 1.17, 8174.29, 11805.40, 37100.00
8192, 1, 64, 0:38.86, 38.86, 130816, 8372224, 1, 0.094, 243.270, 22.860, 0.098, 159.890, 15.650, 76.730, 58.59, 232.82, 1.94, 1811.69, 0.70, -0.57, 1.68, 1813.50, 267.21, 0.08, 1872.09, 1796.48, 881.72, 1.17, 9031.25, 12887.47, 39726.00
8192, 1, 128, 0:43.89, 43.89, 130816, 16744448, 1, 0.095, 247.920, 23.550, 0.098, 159.470, 15.710, 151.800, 87.01, 232.55, 1.95, 2003.22, 0.39, -0.37, 3.79, 2007.04, 267.41, 0.06, 2094.04, 2050.60, 881.80, 1.26, 10169.18, 14379.69, 45284.50
8192, 8, 1, 0:42.01, 42.01, 1046528, 1046528, 1, 0.135, 247.790, 33.550, 0.139, 164.300, 22.820, 6.660, 93.02, 232.72, 1.67, 2031.87, 0.80, -0.26, 0.49, 2032.90, 267.27, 0.09, 2125.93, 2069.33, 881.32, 1.88, 9771.98, 13966.11, 42555.00
8192, 8, 8, 0:45.62, 45.62, 1046528, 8372224, 1, 0.119, 242.260, 28.870, 0.122, 164.270, 20.060, 60.530, 116.40, 232.69, 1.73, 2141.35, 2.20, -0.01, 2.37, 2145.91, 267.22, 0.06, 2262.31, 2396.25, 881.35, 1.50, 10642.80, 15017.53, 47327.50
8192, 8, 64, 1:12.78, 72.78, 1046528, 66977792, 1, 0.131, 241.040, 31.670, 0.135, 219.370, 29.690, 439.190, 229.54, 232.68, 1.60, 3075.55, 4.06, 0.73, 4.77, 3085.11, 267.30, 0.09, 3314.66, 3659.40, 881.13, 0.92, 17070.36, 23222.75, 72310.50
8192, 8, 128, 1:48.46, 108.46, 1046528, 133955584, 1, 0.163, 239.770, 39.090, 0.167, 288.320, 48.200, 707.790, 320.00, 232.78, 1.89, 4403.58, 8.12, 2.10, 8.56, 4422.35, 267.46, 0.06, 4742.35, 4601.55, 881.85, 1.30, 25447.57, 34062.49, 104221.00
8192, 64, 1, 1:27.58, 87.58, 8372224, 8372224, 1, 0.177, 241.930, 42.770, 0.181, 160.620, 29.000, 40.800, 275.13, 233.00, 1.85, 3733.20, 3.45, 0.81, 4.70, 3742.16, 267.77, 0.07, 4017.28, 4206.50, 882.50, 1.19, 20575.07, 27821.23, 86284.50
8192, 64, 8, 1:59.96, 119.96, 8372224, 66977792, 1, 0.192, 240.840, 46.160, 0.195, 223.220, 43.590, 301.050, 404.12, 233.12, 1.99, 4819.08, -1.17, -5.09, 2.89, 4815.71, 267.70, 0.07, 5219.84, 4897.00, 882.50, 1.24, 28290.98, 37614.00, 115196.00
8192, 64, 64, 5:35.11, 335.11, 8372224, 535822336, 3, 0.192, 244.770, 46.943, 0.193, 231.503, 47.250, 733.623, 1225.07, 232.93, 1.73, 12453.07, 14.94, 2.96, 23.23, 12494.19, 267.66, 0.08, 13719.26, 13352.00, 882.25, 1.49, 79180.67, 102852.37, 313295.50
8192, 64, 128, 9:48.26, 588.26, 8372224, 1071644672, 5, 0.208, 246.806, 51.570, 0.210, 203.914, 43.286, 871.324, 2330.73, 233.07, 1.82, 21684.26, 30.30, 2.88, 27.32, 21744.76, 268.25, 0.10, 24075.48, 24140.00, 882.50, 1.77, 139305.18, 180169.06, 547404.50
8192, 128, 1, 2:19.28, 139.28, 16744448, 16744448, 1, 0.200, 240.760, 48.080, 0.203, 264.190, 53.700, 72.240, 518.22, 233.08, 1.77, 5542.03, 0.08, -2.48, 2.46, 5542.10, 268.32, 0.08, 6060.32, 5910.70, 882.93, 1.03, 32856.71, 43594.41, 133012.50
8192, 128, 8, 3:20.24, 200.24, 16744448, 133955584, 1, 0.238, 240.610, 57.210, 0.242, 294.180, 71.220, 485.380, 698.82, 233.23, 1.74, 7708.17, 6.91, -1.97, 8.99, 7722.10, 268.35, 0.08, 8420.92, 8388.72, 882.38, 1.18, 47317.95, 62148.17, 189202.00
8192, 128, 64, 10:39.84, 639.84, 16744448, 1071644672, 5, 0.209, 245.272, 51.206, 0.210, 219.774, 47.730, 875.032, 2529.01, 232.90, 1.64, 23314.72, 14.23, -11.50, 27.10, 23344.56, 267.87, 0.10, 25873.57, 25778.95, 882.95, 0.94, 151449.84, 195413.00, 595305.00
8192, 128, 128, 19:01.16, 1141.16, 16744448, 2143289344, 10, 0.207, 248.415, 51.494, 0.208, 219.877, 46.501, 849.305, 4147.28, 233.03, 2.11, 41424.59, -14.27, -25.87, 6.88, 41391.33, 267.67, 0.09, 45538.61, 45372.00, 882.00, 1.06, 269963.51, 347498.78, 1056127.00
16384, 1, 1, 0:44.72, 44.72, 130816, 130816, 1, 0.120, 248.410, 29.870, 0.124, 169.010, 20.940, 1.080, 212.15, 232.86, 1.73, 2046.59, 2.49, 0.28, 2.29, 2051.66, 267.72, 0.06, 2263.81, 2329.27, 882.02, 1.01, 10508.66, 14677.40, 46392.50
16384, 1, 8, 0:43.10, 43.10, 130816, 1046528, 1, 0.102, 240.560, 24.570, 0.106, 161.270, 17.050, 10.180, 147.82, 232.85, 1.99, 1931.32, 0.09, -0.55, 0.93, 1931.78, 267.72, 0.08, 2079.60, 2244.20, 881.65, 1.00, 10073.75, 14139.39, 44553.00
16384, 1, 64, 0:46.36, 46.36, 130816, 8372224, 1, 0.096, 242.540, 23.320, 0.100, 161.910, 16.210, 86.530, 151.19, 232.99, 1.89, 2087.38, 2.17, -0.20, 2.52, 2091.87, 267.72, 0.07, 2243.06, 2244.00, 882.07, 1.24, 10849.12, 15172.20, 47224.50
16384, 1, 128, 0:50.19, 50.19, 130816, 16744448, 1, 0.097, 245.380, 23.920, 0.102, 162.580, 16.550, 170.710, 151.41, 232.95, 1.95, 2156.30, -0.12, -1.70, 1.35, 2155.83, 267.85, 0.07, 2307.25, 2235.98, 882.32, 1.13, 11740.16, 16262.06, 50768.00
16384, 8, 1, 0:52.56, 52.56, 1046528, 1046528, 1, 0.145, 243.050, 35.290, 0.149, 199.560, 29.650, 7.160, 230.11, 232.86, 1.75, 2552.83, 1.24, -0.88, 1.87, 2555.06, 267.76, 0.07, 2785.17, 3123.25, 881.92, 1.20, 12349.55, 17290.29, 53310.50
16384, 8, 8, 0:54.40, 54.40, 1046528, 8372224, 1, 0.130, 242.420, 31.540, 0.134, 180.850, 24.290, 63.960, 221.93, 232.99, 2.11, 2561.78, 1.76, 0.76, 3.42, 2567.72, 267.95, 0.06, 2789.64, 2666.90, 882.15, 1.29, 12784.87, 17813.77, 55530.50
16384, 8, 64, 1:20.21, 80.21, 1046528, 66977792, 1, 0.139, 239.970, 33.340, 0.142, 204.320, 29.030, 479.020, 304.39, 232.89, 1.69, 3445.83, 2.56, -0.04, 4.23, 3452.57, 267.90, 0.12, 3756.96, 3887.67, 882.33, 1.29, 18861.45, 25645.92, 78858.00
16384, 8, 128, 1:49.90, 109.90, 1046528, 133955584, 1, 0.175, 239.140, 41.810, 0.179, 220.920, 39.470, 761.320, 352.54, 232.99, 1.82, 4502.41, 3.65, 0.41, 8.28, 4514.74, 267.77, 0.06, 4867.29, 4891.41, 882.48, 1.21, 25863.60, 34656.86, 106369.50
16384, 64, 1, 1:36.05, 96.05, 8372224, 8372224, 1, 0.256, 239.290, 61.360, 0.260, 261.020, 67.870, 32.440, 339.75, 233.03, 1.68, 4382.50, 6.11, 0.24, 5.07, 4393.92, 267.83, 0.08, 4733.67, 4502.83, 882.53, 1.53, 22630.91, 30797.10, 93633.50
16384, 64, 8, 2:05.56, 125.56, 8372224, 66977792, 1, 0.279, 241.430, 67.450, 0.283, 240.560, 68.040, 238.220, 488.01, 233.10, 1.86, 5409.86, 2.43, -2.60, 3.92, 5413.61, 267.87, 0.10, 5901.61, 6156.60, 882.35, 1.29, 29653.90, 39728.74, 120819.00
16384, 64, 64, 5:37.18, 337.18, 8372224, 535822336, 3, 0.217, 243.887, 53.057, 0.219, 249.217, 58.530, 743.167, 1273.13, 233.07, 1.73, 12667.70, 5.27, -7.04, 12.05, 12677.98, 268.00, 0.09, 13951.10, 14139.40, 883.02, 0.88, 79744.45, 103688.44, 316122.50
16384, 64, 128, 9:25.05, 565.05, 8372224, 1071644672, 5, 0.230, 245.170, 56.430, 0.231, 242.000, 57.502, 912.710, 1898.14, 232.91, 1.63, 20694.63, 43.15, 9.11, 38.80, 20785.69, 267.79, 0.08, 22683.83, 21941.75, 882.75, 0.83, 133383.92, 172755.20, 524227.50
16384, 128, 1, 2:29.86, 149.86, 16744448, 16744448, 1, 0.318, 239.610, 76.130, 0.321, 296.890, 95.210, 52.370, 618.75, 233.02, 1.76, 6244.47, 0.17, -4.88, 0.82, 6240.58, 268.01, 0.07, 6859.33, 6621.50, 882.84, 1.35, 35414.41, 47049.17, 143435.50
16384, 128, 8, 3:25.00, 205.00, 16744448, 133955584, 1, 0.362, 239.750, 86.840, 0.366, 311.730, 114.060, 367.480, 515.91, 232.83, 1.76, 8140.64, 4.88, -5.25, 5.50, 8145.77, 267.92, 0.09, 8661.68, 8279.50, 882.17, 1.55, 48099.59, 63709.35, 193520.00
16384, 128, 64, 10:30.61, 630.61, 16744448, 1071644672, 5, 0.231, 242.502, 56.116, 0.233, 264.628, 62.612, 911.140, 2062.33, 232.87, 1.86, 22983.80, 13.96, -6.75, 31.88, 23022.89, 267.74, 0.07, 25085.22, 25029.08, 882.08, 0.99, 148796.41, 192496.99, 585117.50
16384, 128, 128, 18:16.71, 1096.71, 16744448, 2143289344, 10, 0.229, 245.153, 56.181, 0.230, 230.353, 53.863, 884.364, 3187.58, 233.07, 1.78, 39263.75, 25.53, -6.21, 45.76, 39328.83, 268.19, 0.08, 42516.40, 42019.50, 883.13, 1.07, 258688.27, 334147.63, 1014401.50
32768, 1, 1, 1:19.62, 79.62, 130816, 130816, 1, 0.120, 246.930, 29.650, 0.124, 160.420, 19.910, 1.090, 590.85, 233.00, 1.73, 3126.40, -2.16, -1.86, 1.77, 3124.15, 267.68, 0.09, 3715.00, 3846.90, 882.45, 1.26, 19045.40, 25073.41, 77980.00
32768, 1, 8, 1:18.94, 78.94, 130816, 1046528, 1, 0.102, 243.400, 24.830, 0.106, 167.390, 17.670, 10.260, 629.42, 233.02, 1.83, 3124.95, 1.80, 0.89, 4.30, 3131.94, 267.82, 0.08, 3761.36, 3984.67, 882.67, 1.63, 18913.89, 24938.76, 77230.00
32768, 1, 64, 1:22.01, 82.01, 130816, 8372224, 1, 0.097, 245.430, 23.850, 0.100, 161.340, 16.140, 86.150, 694.33, 232.83, 1.66, 3284.94, 0.68, -0.80, 2.98, 3287.80, 267.91, 0.07, 3982.12, 3926.15, 883.18, 1.10, 19668.65, 25934.33, 80767.50
32768, 1, 128, 1:24.27, 84.27, 130816, 16744448, 1, 0.098, 241.030, 23.720, 0.102, 158.600, 16.230, 170.130, 649.23, 232.71, 1.74, 3247.73, -0.57, -1.68, 2.54, 3248.02, 267.66, 0.08, 3897.25, 4056.00, 882.00, 1.10, 20151.35, 26471.53, 82556.50
32768, 8, 1, 1:32.43, 92.43, 1046528, 1046528, 1, 0.145, 242.870, 35.310, 0.149, 176.980, 26.370, 7.200, 725.59, 232.80, 1.92, 4001.64, 1.95, -0.71, 4.38, 4007.25, 267.45, 0.08, 4732.84, 4422.90, 881.80, 1.26, 22149.45, 29408.51, 90828.00
32768, 8, 8, 1:26.41, 86.41, 1046528, 8372224, 1, 0.131, 246.920, 32.350, 0.135, 164.220, 22.230, 63.910, 717.06, 232.76, 1.60, 3708.43, 1.06, 0.30, 2.75, 3712.54, 267.14, 0.08, 4429.60, 4573.86, 880.93, 1.10, 20719.73, 27458.22, 84695.00
32768, 8, 64, 1:50.17, 110.17, 1046528, 66977792, 1, 0.139, 242.500, 33.730, 0.143, 158.600, 22.660, 481.590, 823.48, 232.61, 1.73, 4489.90, 1.48, 0.30, 4.94, 4496.62, 267.05, 0.07, 5320.10, 5338.05, 881.05, 1.22, 26335.13, 34580.73, 106609.00
32768, 8, 128, 2:44.70, 164.70, 1046528, 133955584, 1, 0.177, 245.120, 43.430, 0.181, 189.150, 34.250, 755.990, 936.84, 232.66, 1.75, 6477.16, 0.85, -2.06, 4.01, 6479.96, 267.00, 0.08, 7416.80, 7438.37, 881.12, 0.91, 39148.06, 51118.46, 157231.50
32768, 64, 1, 2:10.43, 130.43, 8372224, 8372224, 1, 0.263, 243.470, 64.020, 0.266, 199.320, 52.950, 31.840, 854.87, 232.53, 1.76, 5541.12, 3.00, 0.18, 7.47, 5551.77, 266.98, 0.08, 6406.63, 6636.35, 881.85, 1.09, 31081.15, 41037.72, 125722.00
32768, 64, 8, 2:44.84, 164.84, 8372224, 66977792, 1, 0.284, 240.370, 68.190, 0.288, 310.720, 89.560, 236.100, 993.05, 232.60, 1.61, 6756.79, 6.07, 2.16, 6.97, 6771.99, 266.85, 0.07, 7765.04, 7595.10, 881.30, 1.48, 39218.63, 51395.67, 156504.50
32768, 64, 64, 6:10.07, 370.07, 8372224, 535822336, 3, 0.219, 242.863, 53.380, 0.220, 261.680, 62.183, 741.740, 2015.26, 232.84, 1.85, 13896.32, 27.00, 12.11, 34.18, 13969.61, 267.17, 0.08, 15984.87, 16586.67, 881.17, 1.02, 88069.18, 113466.56, 346078.00
32768, 64, 128, 10:11.57, 611.57, 8372224, 1071644672, 5, 0.231, 244.830, 56.652, 0.232, 245.836, 58.602, 913.352, 2140.26, 232.71, 1.74, 22473.09, 26.75, 10.63, 40.31, 22550.78, 267.45, 0.10, 24691.05, 25002.83, 882.17, 0.93, 144335.90, 186738.14, 568400.00
32768, 128, 1, 3:35.97, 215.97, 16744448, 16744448, 1, 0.325, 238.660, 77.500, 0.328, 313.720, 102.790, 51.560, 1084.02, 233.00, 1.64, 9034.69, 11.11, 0.12, 15.79, 9061.71, 267.64, 0.07, 10145.73, 9947.97, 882.88, 1.03, 51293.39, 67529.36, 204178.50
32768, 128, 8, 4:09.51, 249.51, 16744448, 133955584, 1, 0.369, 239.530, 88.340, 0.373, 309.180, 115.190, 363.230, 1408.85, 232.93, 1.67, 9608.04, 7.71, 2.54, 14.90, 9633.19, 267.69, 0.08, 11042.04, 11190.83, 882.08, 1.20, 59406.23, 77078.79, 235221.00
32768, 128, 64, 10:58.26, 658.26, 16744448, 1071644672, 5, 0.227, 244.946, 55.618, 0.228, 252.602, 58.514, 934.058, 2965.47, 233.26, 2.01, 24054.78, 5.55, -10.12, 26.11, 24076.32, 267.87, 0.09, 27041.80, 27272.20, 882.40, 1.40, 156409.68, 201030.00, 612306.00
32768, 128, 128, 18:47.10, 1127.10, 16744448, 2143289344, 10, 0.230, 244.711, 56.180, 0.230, 238.393, 55.874, 888.049, 3777.61, 233.06, 1.83, 40726.11, 62.87, 7.53, 79.07, 40875.57, 267.98, 0.09, 44653.18, 44970.24, 882.22, 1.20, 266332.26, 343546.24, 1043569.00
4096, 256, 1, 4:01.87, 241.87, 33488896, 33488896, 1, 0.146, 240.240, 34.980, 0.149, 224.390, 33.330, 159.910, 590.28, 232.26, 1.61, 8962.02, 3.18, -1.36, 5.35, 8969.20, 267.04, 0.09, 9559.48, 9670.50, 881.37, 1.08, 56635.19, 74183.72, 226453.50
4096, 256, 8, 6:18.00, 378.00, 33488896, 267911168, 2, 0.161, 241.920, 38.960, 0.163, 226.040, 40.875, 443.125, 1078.60, 232.38, 1.73, 13788.79, 1.62, -5.60, 3.55, 13788.35, 267.05, 0.09, 14866.96, 14292.45, 881.15, 1.15, 88807.32, 115417.00, 351787.50
4096, 256, 64, 21:26.96, 1286.96, 33488896, 2143289344, 10, 0.187, 241.951, 45.263, 0.188, 197.554, 37.332, 782.711, 3609.73, 232.22, 1.72, 46902.29, -53.09, -55.45, 110.70, 46904.45, 266.38, 0.09, 50514.18, 50887.92, 878.98, 1.06, 302386.87, 390382.80, 1185608.00
4096, 256, 128, 37:48.79, 2268.79, 33488896, 4286578688, 19, 0.187, 244.083, 45.660, 0.188, 187.125, 35.234, 826.796, 7784.47, 232.08, 1.74, 82668.14, 158.18, 92.77, 228.81, 83147.90, 266.28, 0.09, 90932.37, 90516.60, 879.88, 1.53, 534213.44, 687911.49, 2091334.00
8192, 256, 1, 4:02.97, 242.97, 33488896, 33488896, 1, 0.225, 242.040, 54.410, 0.228, 217.880, 49.620, 128.340, 786.22, 232.26, 1.67, 9109.31, 0.51, -1.87, -9.98, 9097.98, 266.59, 0.09, 9884.20, 9809.28, 880.72, 1.18, 57117.51, 74538.22, 227314.50
8192, 256, 8, 6:06.90, 366.90, 33488896, 267911168, 2, 0.206, 247.685, 50.990, 0.208, 234.645, 56.545, 407.860, 1316.61, 232.23, 1.65, 13379.34, 2.65, -4.91, 5.60, 13382.68, 266.45, 0.09, 14699.29, 14121.50, 880.67, 1.09, 86409.69, 111813.22, 341759.50
8192, 256, 64, 20:30.00, 1230.00, 33488896, 2143289344, 10, 0.211, 243.800, 51.533, 0.212, 202.751, 43.230, 858.205, 4093.88, 232.13, 1.67, 44187.06, 0.98, -19.54, -53.65, 44114.85, 266.53, 0.13, 48208.73, 47625.68, 880.68, 1.28, 289472.31, 372572.93, 1135251.00
8192, 256, 128, 36:36.39, 2196.39, 33488896, 4286578688, 19, 0.215, 247.823, 53.339, 0.216, 208.618, 45.213, 889.723, 7197.73, 231.96, 1.69, 78521.78, 23.41, -10.49, 147.59, 78682.30, 266.27, 0.09, 85880.03, 86119.17, 880.17, 1.31, 516538.05, 664145.56, 2023374.00
16384, 256, 1, 4:10.96, 250.96, 33488896, 33488896, 1, 0.369, 240.440, 88.810, 0.373, 292.600, 109.030, 90.100, 824.62, 232.18, 1.68, 9730.99, 1.63, -2.99, -28.05, 9701.57, 266.40, 0.08, 10526.20, 10149.75, 880.75, 1.40, 59001.60, 77256.37, 234731.50
16384, 256, 8, 6:10.38, 370.38, 33488896, 267911168, 2, 0.280, 243.295, 68.390, 0.282, 252.020, 86.550, 334.545, 1045.17, 232.14, 1.70, 13772.22, -0.74, -5.39, 5.06, 13771.15, 266.29, 0.15, 14816.32, 14262.30, 880.13, 1.12, 86904.84, 113057.71, 344267.00
16384, 256, 64, 20:36.70, 1236.70, 33488896, 2143289344, 10, 0.228, 242.567, 55.367, 0.229, 253.488, 58.291, 917.296, 377208.74, 232.12, 1.65, 44441.62, -18.35, -30.05, 66.39, 44459.61, 266.44, 0.18, 421668.35, 48039.50, 880.58, 1.22, 664160.27, 374610.06, 1141710.50
16384, 256, 128, 35:53.65, 2153.65, 33488896, 4286578688, 19, 0.235, 245.816, 57.776, 0.236, 214.603, 50.878, 939.951, 6717.40, 232.08, 1.79, 76361.62, -27.83, -35.78, 107.99, 76405.99, 266.10, 0.09, 83123.39, 82882.27, 880.03, 1.06, 506411.26, 650163.75, 1981987.00
32768, 256, 1, 5:07.69, 307.69, 33488896, 33488896, 1, 0.372, 235.730, 87.630, 0.375, 258.710, 96.950, 90.090, 1418.90, 231.92, 1.69, 11661.60, -0.01, -1.30, 7.11, 11667.40, 266.49, 0.09, 13086.30, 12861.10, 879.90, 0.89, 72680.20, 94358.98, 287365.00
32768, 256, 8, 7:09.41, 429.41, 33488896, 267911168, 2, 0.280, 245.550, 68.685, 0.283, 244.190, 83.160, 336.130, 2154.58, 232.01, 1.74, 16154.92, 1.99, 0.92, 4.68, 16162.51, 266.33, 0.09, 18317.08, 18694.37, 879.27, 1.11, 101648.63, 131185.88, 400243.50
32768, 256, 64, 20:47.49, 1247.49, 33488896, 2143289344, 10, 0.231, 241.477, 55.768, 0.232, 238.971, 56.311, 912.029, 4301.93, 231.88, 1.72, 44799.49, 11.80, -7.69, 25.07, 44828.67, 265.98, 0.09, 49130.60, 49055.40, 880.10, 1.16, 293441.72, 377275.31, 1150941.50
32768, 256, 128, 38:36.78, 2316.78, 33488896, 4286578688, 19, 0.235, 245.574, 57.816, 0.236, 234.358, 55.735, 944.170, 9188.99, 231.90, 1.57, 83589.85, 39.42, -1.12, 96.87, 83725.03, 266.18, 0.10, 92914.02, 92312.30, 880.03, 1.39, 546330.11, 701056.53, 2135757.50
4096, 1, 256, 0:52.06, 52.06, 130816, 33488896, 1, 0.104, 241.710, 25.180, 0.108, 159.320, 17.130, 223.630, 136.44, 231.86, 1.67, 2281.76, -1.60, -0.26, 1.92, 2281.81, 265.89, 0.10, 2418.26, 2468.20, 879.30, 1.07, 12116.13, 16773.08, 52550.00
4096, 8, 256, 2:53.06, 173.06, 1046528, 267911168, 1, 0.204, 237.700, 48.490, 0.207, 264.890, 54.710, 912.790, 474.43, 231.92, 1.78, 6629.81, 2.62, -0.55, 16.23, 6648.11, 265.90, 0.07, 7122.54, 6856.15, 879.85, 1.21, 40497.73, 53307.88, 162599.00
4096, 64, 256, 18:43.88, 1123.88, 8372224, 2143289344, 8, 0.213, 242.570, 51.749, 0.214, 190.541, 40.746, 872.896, 4205.69, 232.09, 1.68, 41088.57, 60.10, 26.96, 23.16, 41198.79, 266.30, 0.13, 45404.48, 45224.60, 880.37, 1.00, 264956.20, 341166.92, 1038244.50
4096, 128, 256, 37:08.37, 2228.37, 16744448, 4286578688, 16, 0.211, 241.966, 50.979, 0.212, 198.406, 41.988, 883.882, 6239.94, 232.37, 1.68, 81577.53, 85.47, 30.62, 361.39, 82055.01, 266.45, 0.07, 88294.95, 87377.60, 881.05, 1.36, 523910.26, 676430.81, 2055575.00
4096, 256, 256, 1:14:53, 4493.00, 33488896, 8573157376, 32, 0.210, 242.782, 50.980, 0.211, 194.062, 40.855, 886.807, 13540.15, 232.55, 1.66, 164642.93, 76.30, -49.36, 158.88, 164828.76, 267.27, 0.09, 178368.91, 177930.20, 881.40, 1.20, 1058493.77, 1366583.19, 4142480.00
8192, 1, 256, 0:52.88, 52.88, 130816, 33488896, 1, 0.110, 242.440, 26.550, 0.113, 162.660, 18.330, 263.350, 161.90, 232.59, 1.79, 2291.00, 1.31, -0.87, 1.98, 2293.42, 266.91, 0.08, 2455.32, 2204.70, 881.40, 1.57, 12367.17, 17071.47, 53398.50
8192, 8, 256, 2:47.64, 167.64, 1046528, 267911168, 1, 0.240, 243.200, 58.430, 0.244, 310.390, 75.780, 960.500, 554.87, 232.70, 1.70, 6440.03, -1.54, -4.98, 2.52, 6436.04, 266.98, 0.14, 6990.92, 7144.80, 880.95, 1.13, 39470.22, 51869.68, 158663.50
8192, 64, 256, 17:58.63, 1078.63, 8372224, 2143289344, 8, 0.243, 241.085, 58.569, 0.244, 228.809, 55.801, 949.944, 2676.34, 232.56, 1.69, 39022.46, -10.30, -27.42, 53.03, 39037.77, 266.87, 0.10, 41714.11, 41176.70, 880.90, 1.06, 253418.58, 327563.40, 995185.00
8192, 128, 256, 35:19.09, 2119.09, 16744448, 4286578688, 16, 0.245, 243.205, 59.521, 0.246, 228.131, 56.027, 942.934, 7388.19, 232.53, 1.80, 76233.14, 146.46, 60.37, 188.67, 76628.65, 266.89, 0.10, 84016.84, 82587.20, 881.60, 1.53, 500001.39, 642807.45, 1955076.50
8192, 256, 256, 1:09:34, 4174.00, 33488896, 8573157376, 32, 0.242, 242.381, 58.726, 0.243, 214.430, 52.106, 952.453, 14393.35, 232.54, 1.80, 149937.01, 357.37, 136.73, 383.69, 150814.80, 267.00, 0.11, 165208.16, 164154.15, 880.95, 1.06, 985052.48, 1266096.93, 3845629.00
16384, 1, 256, 1:02.14, 62.14, 130816, 33488896, 1, 0.115, 242.610, 27.950, 0.118, 160.000, 18.920, 288.860, 229.88, 232.48, 1.74, 2622.23, 0.85, -1.15, 0.95, 2622.88, 267.22, 0.16, 2852.76, 2840.90, 880.60, 0.95, 14577.74, 19900.57, 61821.00
16384, 8, 256, 2:53.63, 173.63, 1046528, 267911168, 1, 0.268, 239.220, 64.070, 0.272, 284.600, 77.460, 994.050, 520.45, 232.53, 1.65, 6718.60, -3.16, -3.40, 2.68, 6714.71, 267.15, 0.08, 7235.16, 7643.37, 880.48, 1.09, 40795.02, 53775.33, 164308.50
16384, 64, 256, 17:40.88, 1060.88, 8372224, 2143289344, 8, 0.267, 240.015, 63.987, 0.267, 275.332, 73.566, 998.582, 3458.49, 232.53, 1.83, 38418.36, -6.99, -17.36, 28.63, 38422.64, 266.90, 0.08, 41881.13, 41361.33, 880.87, 1.06, 250042.39, 322213.60, 980353.00
16384, 128, 256, 34:27.12, 2067.12, 16744448, 4286578688, 16, 0.263, 243.638, 64.112, 0.264, 260.363, 68.683, 1011.712, 7345.59, 232.29, 1.58, 74219.83, 90.96, 42.16, 109.51, 74462.46, 266.75, 0.10, 81808.06, 83091.30, 879.45, 0.99, 487400.95, 626495.27, 1905275.00
16384, 256, 256, 1:08:39, 4119.00, 33488896, 8573157376, 32, 0.265, 242.005, 64.048, 0.265, 249.056, 66.047, 1005.941, 14451.55, 232.19, 1.68, 145243.88, -146.14, -178.39, 150.81, 145070.16, 267.20, 0.09, 159521.71, 157959.00, 880.50, 1.09, 970818.00, 1246510.98, 3789964.50
32768, 1, 256, 1:32.70, 92.70, 130816, 33488896, 1, 0.115, 238.150, 27.450, 0.119, 159.820, 19.020, 290.570, 588.20, 232.54, 1.65, 3630.71, 3.49, 0.56, 1.08, 3635.84, 267.42, 0.11, 4224.04, 4470.77, 882.37, 1.08, 22017.15, 29081.07, 90956.00
32768, 8, 256, 3:26.16, 206.16, 1046528, 267911168, 1, 0.270, 242.010, 65.280, 0.274, 321.890, 88.110, 993.180, 1212.72, 232.75, 1.74, 7835.72, 6.55, -0.25, 8.88, 7850.90, 267.18, 0.07, 9063.62, 9421.25, 881.55, 1.42, 49097.56, 63610.14, 195354.50
32768, 64, 256, 18:33.25, 1113.25, 8372224, 2143289344, 8, 0.268, 242.175, 65.011, 0.269, 246.298, 66.355, 998.017, 4155.75, 232.70, 1.66, 39840.81, -39.35, -51.23, -12.85, 39737.39, 267.51, 0.08, 43893.13, 43410.90, 882.05, 1.27, 263080.93, 338205.26, 1029576.00
32768, 128, 256, 36:03.41, 2163.41, 16744448, 4286578688, 16, 0.265, 242.159, 64.148, 0.266, 267.197, 70.961, 1011.351, 9292.22, 232.67, 1.87, 78039.52, -149.41, -158.97, -44.70, 77686.45, 267.32, 0.12, 86978.67, 85504.53, 882.23, 1.16, 512537.42, 656666.05, 1998221.00
32768, 256, 256, 1:10:04, 4204.00, 33488896, 8573157376, 32, 0.266, 241.967, 64.437, 0.267, 256.788, 68.572, 1006.042, 14261.95, 232.57, 1.78, 150857.16, -171.27, -195.16, -41.14, 150449.58, 267.17, 0.10, 164711.53, 164002.70, 881.60, 0.92, 991949.42, 1274404.65, 3874649.50
